Question;Option A;Option B;Option C;Option D;Answer;Section;"Question;Option A;Option B;Option C;Option D;Answer"
There are two examination rooms A and B. If 10 students are sent from A to B, then the number of students in each room is the same. If 20 candidates are sent from B to A, then the number of students in A is double the number of students in B. The number of students in room A is:;20;80;100;200;C;Math;
The price of commodity X increases by 40 paise every year, while the price of commodity Y increases by 15 paise every year. If in 2001, the price of commodity X was Rs. 4.20 and that of Y was Rs. 6.30, in which year will commodity X cost 40 paise more than commodity Y?;2010;2011;2012;2013;B;Math;
If a - b = 3 and a² + b² = 29, find the value of ab.;10;12;15;18;A;Math;
The salaries A, B, and C are in the ratio 2:3:5. If increments of 15%, 10%, and 20% are allowed in their salaries, then what will be the new ratio of their salaries?;03:03:10;10:11:20;0.981944444;Cannot be determined;C;Math;
A and B entered into a partnership with capitals in the ratio 4:5. After 3 months, A withdrew some capital and B withdrew some of his capital. The gain at the end of 10 months was Rs. 760. A's share in the profit is:;Rs. 330;Rs. 360;Rs. 380;Rs. 430;A;Math;
What is R's share of profit in a joint venture? I. Q started business investing Rs. 80,000. II. R joined him after 3 months. III. P joined after 4 months with a capital of Rs. 1,20,000 and got Rs. 6000 as his share profit.;All I, II, and III;I and III only;II and III only;Even with all I, II, and III, the answer cannot be arrived at;D;Math;
A alone can do a piece of work in 6 days and B alone in 8 days. A and B undertook to do it for Rs. 3200. With the help of C, they completed the work in 3 days. How much is to be paid to C?;Rs. 375;Rs. 400;Rs. 600;Rs. 800;B;Math;
A goods train runs at the speed of 72 kmph and crosses a 250 m long platform in 26 seconds. What is the length of the goods train?;230 m;240 m;260 m;270 m;D;Math;
If log10 2 = 0.3010, then log2 10 is equal to:;699;1000;0.301;0.699;B;Math;
An error of 2% in excess is made while measuring the side of a square. The percentage of error in the calculated area of the square is:;2%;2.02%;4%;4.04%;D;Math;
In a shower, 5 cm of rain falls. The volume of water that falls on 1.5 hectares of ground is:;75 cu. m;750 cu. m;7500 cu. m;75000 cu. m;B;Math;
What is the volume of a cube? I. The area of each face of the cube is 64 square metres. II. The length of one side of the cube is 8 metres.;I alone sufficient while II alone not sufficient;II alone sufficient while I alone not sufficient;Either I or II alone sufficient to answer;Both I and II are not sufficient;C;Math;
The reflex angle between the hands of a clock at 10:25 is:;180º;192.5º;195º;197.5º;D;Math;
At what time between 4 and 5 o'clock will the hands of a watch point in opposite directions?;45 min past 4;40 min past 4;50.4 min past 4;54.6 min past 4;D;Math;
A 12% stock yielding 10% is quoted at:;Rs. 83.33;Rs. 110;Rs. 112;Rs. 120;D;Math;
In how many different ways can the letters of the word 'DETAIL' be arranged in such a way that the vowels occupy only the odd positions?;32;48;36;60;C;Math;
An observer 1.6 m tall is 203 m away from a tower. The angle of elevation from his eye to the top of the tower is 30º. The height of the tower is:;21.6 m;23.2 m;24.72 m;None of these;A;Math;
Find the odd one out: 1, 4, 9, 16, 23, 25, 36;9;23;25;36;B;Math;
Let N be the greatest number that will divide 1305, 4665, and 6905, leaving the same remainder in each case. The sum of the digits in N is:;4;5;6;8;A;Math;
The average weight of 8 persons increases by 2.5 kg when a new person comes in place of one of them weighing 65 kg. What might be the weight of the new person?;76 kg;76.5 kg;85 kg;Data inadequate;C;Math;
The difference between a two-digit number and the number obtained by interchanging the digits is 36. What is the difference between the sum and the difference of the digits of the number if the ratio between the digits of the number is 1:2?;4;8;16;None of these;B;Math;
The sum of the present ages of a father and his son is 60 years. Six years ago, the father's age was five times the son's age. After 6 years, the son's age will be:;12 years;14 years;18 years;20 years;D;Math;
Three candidates contested an election and received 1136, 7636, and 11628 votes, respectively. What percentage of the total votes did the winning candidate get?;57%;60%;65%;90%;A;Math;
In a certain store, the profit is 320% of the cost. If the cost increases by 25% but the selling price remains constant, approximately what percentage of the selling price is the profit?;30%;70%;100%;250%;B;Math;
If the cost of x meters of wire is d rupees, then what is the cost of y meters of wire at the same rate?;Rs. (xy/d);Rs. (xd);Rs. (yd);Rs. (yd/x);D;Math;
A flagstaff 17.5 m high casts a shadow of length 40.25 m. The height of a building, which casts a shadow of length 28.75 m under similar conditions, will be:;10 m;12.5 m;17.5 m;21.25 m;B;Math;
In how many days can 10 women finish a work? I. 10 men can complete the work in 6 days. II. 10 men and 10 women together can complete the work in 3 3/7 days. III. If 10 men work for 3 days and then 10 women replace them, the remaining work is completed in 4 days.;Any two of the three;I and II only;II and III only;I and III only;A;Math;
8 men and 14 women are working together in a field. After 3 days, 5 men and 8 women leave. How many more days will be required to complete the work? I. 19 men and 12 women together can complete the work in 18 days. II. 16 men can complete two-thirds of the work in 16 days. III. In 1 day, the work done by three men is equal to the work done by four women.;I only;II only;III only;I, II, or III;D;Math;
A towel, when bleached, was found to have lost 20% of its length and 10% of its breadth. The percentage decrease in area is:;10%;10.08%;20%;28%;D;Math;
What is the capacity of a cylindrical tank? I. Radius of the base is half of its height which is 28 metres. II. Area of the base is 616 sq. metres and its height is 28 metres.;I alone sufficient while II alone not sufficient;II alone sufficient while I alone not sufficient;Either I or II alone sufficient to answer;Both I and II are not sufficient;C;Math;
In a 100 m race, A covers the distance in 36 seconds and B in 45 seconds. In this race, A beats B by:;20 m;25 m;22.5 m;9 m;A;Science;
A 6% stock yields 8%. The market value of the stock is:;Rs. 48;Rs. 75;Rs. 96;Rs. 133.33;B;Science;
A box contains 2 white balls, 3 black balls, and 4 red balls. In how many ways can 3 balls be drawn from the box, if at least one black ball is to be included in the draw?;32;48;64;96;C;Science;
If Rs. 10 is allowed as true discount on a bill of Rs. 110 due at the end of a certain time, then the discount allowed on the same sum due at the end of double the time is:;Rs. 20;Rs. 21.81;Rs. 22;Rs. 18.33;D;Science;
10, 14, 16, 18, 21, 24, 26 – find the odd one out.;26;24;21;18;C;Science;
835, 734, 642, 751, 853, 981, 532 – find the odd one out.;751;853;981;532;A;Science;
1, 2, 6, 15, 31, 56, 91 – find the wrong number in the sequence.;31;91;56;15;B;Science;
7, 26, 63, 124, 215, 342 – find the next number in the series.;481;511;391;421;B;Science;
Two trains running in opposite directions cross a man standing on the platform in 27 seconds and 17 seconds respectively and they cross each other in 23 seconds. The ratio of their speeds is:;1:3;3:2;3:4;None of these;B;Science;
A train overtakes two persons walking along a railway track. The first one walks at 4.5 km/hr, and the other at 5.4 km/hr. The train needs 8.4 and 8.5 seconds respectively to overtake them. What is the speed of the train if both the persons are walking in the same direction as the train?;66 km/hr;72 km/hr;78 km/hr;81 km/hr;D;Science;
A runs 1.5 times as fast as B. If A gives B a start of 80 m, how far must the winning post be so that A and B might reach it at the same time?;200 m;300 m;270 m;160 m;A;Science;
Q is as much younger than R as he is older than T. If the sum of the ages of R and T is 50 years, what is definitely the difference between R and Q's age?;1 year;2 years;25 years;Data inadequate;D;Science;
The value of log2 16 is:;1/8;4;8;16;B;Science;
In a two-digit number, it is known that its unit’s digit exceeds its ten’s digit by 2 and that the product of the given number and the sum of its digits is equal to 144. The number is:;24;26;42;46;A;Science;
The square root of 64009 is:;253;347;363;803;A;Science;
What should come in place of both 'x' in the equation x/128 = 162/x?;12;14;144;196;A;Science;
A, B, and C can do a piece of work in 20, 30, and 60 days respectively. In how many days can A do the work if he is assisted by B and C on every third day?;12 days;15 days;16 days;18 days;B;Science;
The value of 489.1375 × 0.0483 × 1.956 is closest to:;0.006;0.06;0.6;6;B;Science;
Three numbers are in the ratio of 3:4:5, and their LCM is 2400. Their HCF is:;40;80;120;200;A;Science;
Which of the following fractions is the largest?;7/8;13/16;31/40;63/80;A;Science;
A sum of Rs. 725 is lent at the beginning of a year at a certain rate of interest. After 8 months, a sum of Rs. 362.50 more is lent, but at double the previous rate. At the end of the year, Rs. 33.50 is earned as interest from both loans. What was the original rate of interest?;3.60%;4.50%;5%;None of these;D;Science;
An accurate clock shows 8 o'clock in the morning. Through how many degrees will the hour hand rotate when the clock shows 2 o'clock in the afternoon?;144º;150º;168º;180º;D;Science;
From a group of 7 men and 6 women, five persons are to be selected to form a committee so that at least 3 men are on the committee. In how many ways can it be done?;564;645;735;756;D;Science;
A dishonest milkman professes to sell his milk at cost price but he mixes it with water and thereby gains 25%. The percentage of water in the mixture is:;4%;6%;20%;25%;C;Science;
A vessel is filled with liquid, 3 parts of which are water and 5 parts syrup. How much of the mixture must be drawn off and replaced with water so that the mixture may be half water and half syrup?;1/3;1/4;1/5;1/6;C;Science;
The cost price of Rs. 100 stock at 4% discount, when brokerage is 1/4%, is:;Rs. 95.75;Rs. 96;Rs. 96.25;Rs. 104.25;C;Science;
If 40% of a number is equal to two-third of another number, what is the ratio of the first number to the second number?;02:05;03:07;05:03;07:03;C;Science;
In a bag, there are coins of 25 p, 10 p, and 5 p in the ratio of 1 : 2 : 3. If there is Rs. 30 in all, how many 5 p coins are there?;50;100;150;200;C;Science;
A man takes loan from a bank at 12% p.a. simple interest. After 3 years, he paid Rs. 5400 as interest. What was the principal amount?;Rs. 2000;Rs. 10,000;Rs. 15,000;Rs. 20,000;C;Science;
A flagstaff 17.5 m high casts a shadow 40.25 m long. What is the height of a building that casts a shadow 28.75 m long under similar conditions?;10 m;12.5 m;17.5 m;21.25 m;B;Science;
The reflex angle between the hands of a clock at 10:25 is:;180º;192 ½º;195º;197 ½º;D;History;
The diagonal of a rectangle is 41 cm, and its area is 20 cm². What is the perimeter of the rectangle?;9 cm;18 cm;20 cm;41 cm;B;History;
A, B, and C can complete a task in 24, 6, and 12 days respectively. How many days will they take to finish the task if working together?;1 day;7/24 day;3 3/7 days;4 days;C;History;
A train overtakes two persons walking along a railway track. The first one walks at 4.5 km/hr, and the other one at 5.4 km/hr. The train needs 8.4 and 8.5 seconds respectively to overtake them. What is the speed of the train?;66 km/hr;72 km/hr;78 km/hr;81 km/hr;D;History;
A train of 240 meters long passes a pole in 24 seconds. How long will it take to pass a platform 650 meters long?;65 sec;89 sec;100 sec;150 sec;B;History;
How many seconds will a 500-meter-long train take to cross a man walking with a speed of 3 km/hr in the direction of the moving train if the speed of the train is 63 km/hr?;25 sec;30 sec;40 sec;45 sec;B;History;
In a 500 m race, the ratio of the speeds of two contestants A and B is 3 : 4. A has a start of 140 m. Then, A wins by:;60 m;40 m;20 m;10 m;C;History;
A boatman goes 2 km against the current of the stream in 1 hour and goes 1 km along the current in 10 minutes. How long will it take to go 5 km in stationary water?;40 minutes;1 hour;1 hr 15 min;1 hr 30 min;C;History;
Two goods trains each 500 m long are running in opposite directions on parallel tracks at 45 km/hr and 30 km/hr, respectively. The time taken by the slower train to pass the driver of the faster one is:;12 sec;24 sec;48 sec;60 sec;B;History;
A man sells two buffaloes for Rs. 7,820 each. On one he gains 15% and on the other, he loses 15%. His total gain or loss in the transaction is;2.5% gain;2.25% loss;2% loss;5% loss;B;History;
One ship goes along the stream direction 28 km and in opposite direction 13 km in 5 hrs for each direction. What is the velocity of the stream?;1.5 kmph;2.5 kmph;1.8 kmph;2 kmph;A;History;
Which one of the words given below is different from others?;Orange;Grape;Apricot;Raspberry;C;History;
Complete the series: 5, 20, 24, 6, 2, 8, ?;12;32;34;36;A;History;
A can have a piece of work done in 8 days, B can work three times faster than A, C can work five times faster than A. How many days will they take to do the work together?;3 days;8/9 days;4 days;None of the above;B;History;
A sum of Rs. 427 is to be divided among A, B, and C in such a way that 3 times A's share, 4 times B's share, and 7 times C's share are all equal. The share of C is;Rs. 84;Rs. 76;Rs. 98;Rs. 34;A;History;
In a race of 200 m, A can beat B by 31 m and C by 18 m. In a race of 350 m, C will beat B by;22.75 m;25 m;19.5 m;7;A;History;
A man took a loan from a bank at the rate of 12% p.a. simple interest. After 3 years, he had to pay Rs. 5400 as interest only for the period. The principal amount borrowed by him was;Rs. 2000;Rs. 10,000;Rs. 15,000;Rs. 20,000;C;History;
A man walked diagonally across a square lot. Approximately, what was the percent saved by not walking along the edges?;20%;24%;30%;33%;C;History;
How much time will the leak take to empty the full cistern? (I. The cistern is normally filled in 9 hours. II. It takes one hour more than usual to fill the cistern because of the leak.);I alone sufficient;II alone sufficient;Either I or II alone;Both I and II are necessary;D;History;
A metallic sheet is of rectangular shape with dimensions 48 m x 36 m. From each of its corners, a square is cut off to make an open box. If the length of the square is 8 m, the volume of the box is:;4830 m³;5120 m³;6420 m³;8960 m³;B;History;
The reflex angle between the hands of a clock at 10:25 is:;180º;192.5º;195º;197.5º;D;History;
The cost price of Rs. 100 stock at 4% discount, when brokerage is 1/4%, is:;Rs. 96;Rs. 96.25;Rs. 96.50;Rs. 97;C;History;
Three candidates contested an election and received 1136, 7636, and 11628 votes respectively. What percentage of the total votes did the winning candidate get?;57%;60%;65%;90%;A;History;
A man buys a watch for Rs. 1950 in cash and sells it for Rs. 2200 at a credit of 1 year. If the rate of interest is 10% per annum, the man:;gains Rs. 55;gains Rs. 50;loses Rs. 30;gains Rs. 30;B;History;
An error of 2% in excess is made while measuring the side of a square. The percentage of error in the calculated area is:;2%;2.02%;4%;4.04%;D;History;
In a shower, 5 cm of rain falls. The volume of water that falls on 1.5 hectares of ground is:;75 cu. m;750 cu. m;7500 cu. m;75000 cu. m;B;History;
The ratio between the length and breadth of a rectangular park is 3:2. If a man cycling along the boundary at 12 km/hr completes one round in 8 minutes, the area of the park is:;15360 sq. m;153600 sq. m;30720 sq. m;307200 sq. m;B;History;
The slant height of a right circular cone is 10 m and its height is 8 m. Find the area of its curved surface:;30 m²;40 m²;60 m²;80 m²;C;History;
If 40% of a number is equal to two-third of another number, what is the ratio of the first number to the second number?;02:05;03:07;05:03;07:03;C;History;
In a bag, there are coins of 25 p, 10 p, and 5 p in the ratio of 1 : 2 : 3. If there is Rs. 30 in all, how many 5 p coins are there?;50;100;150;200;C;History;
A man takes loan from a bank at 12% p.a. simple interest. After 3 years, he paid Rs. 5400 as interest. What was the principal amount?;Rs. 2000;Rs. 10,000;Rs. 15,000;Rs. 20,000;C;History;
A flagstaff 17.5 m high casts a shadow 40.25 m long. What is the height of a building that casts a shadow 28.75 m long under similar conditions?;10 m;12.5 m;17.5 m;21.25 m;B;History;
The reflex angle between the hands of a clock at 10:25 is:;180º;192.5º;195º;197.5º;D;History;
The diagonal of a rectangle is 41 cm, and its area is 20 cm². What is the perimeter of the rectangle?;9 cm;18 cm;20 cm;41 cm;B;History;
A, B, and C can complete a task in 24, 6, and 12 days respectively. How many days will they take to finish the task if working together?;1 day;7/24 day;3 3/7 days;4 days;C;History;
Two trains running in opposite directions cross a man standing on the platform in 27 seconds and 17 seconds respectively, and they cross each other in 23 seconds. The ratio of their speeds is:;1:3;3:2;3:4;None of these;B;History;
A train overtakes two persons walking along a railway track. The first one walks at 4.5 km/hr, and the other one at 5.4 km/hr. The train needs 8.4 and 8.5 seconds respectively to overtake them. What is the speed of the train?;66 km/hr;72 km/hr;78 km/hr;81 km/hr;D;History;
A train of 240 meters long passes a pole in 24 seconds. How long will it take to pass a platform 650 meters long?;65 sec;89 sec;100 sec;150 sec;B;History;
How many seconds will a 500-meter-long train take to cross a man walking with a speed of 3 km/hr in the direction of the moving train if the speed of the train is 63 km/hr?;25 sec;30 sec;40 sec;45 sec;B;History;
In a 500 m race, the ratio of the speeds of two contestants A and B is 3 : 4. A has a start of 140 m. Then, A wins by:;60 m;40 m;20 m;10 m;C;History;
A boatman goes 2 km against the current of the stream in 1 hour and goes 1 km along the current in 10 minutes. How long will it take to go 5 km in stationary water?;40 minutes;1 hour;1 hr 15 min;1 hr 30 min;C;History;
Two goods trains each 500 m long are running in opposite directions on parallel tracks at 45 km/hr and 30 km/hr, respectively. The time taken by the slower train to pass the driver of the faster one is:;12 sec;24 sec;48 sec;60 sec;B;History;
A man sells two buffaloes for Rs. 7,820 each. On one he gains 15% and on the other, he loses 15%. His total gain or loss in the transaction is:;2.5% gain;2.25% loss;2% loss;5% loss;B;History;
A metallic sheet is of rectangular shape with dimensions 48 m x 36 m. From each of its corners, a square is cut off to make an open box. If the length of the square is 8 m, the volume of the box is:;4830 m³;5120 m³;6420 m³;8960 m³;B;History;
The cost price of Rs. 100 stock at 4% discount, when brokerage is 1/4%, is:;Rs. 96;Rs. 96.25;Rs. 96.50;Rs. 97;C;History;
Three candidates contested an election and received 1136, 7636, and 11628 votes respectively. What percentage of the total votes did the winning candidate get?;57%;60%;65%;90%;A;History;
A man buys a watch for Rs. 1950 in cash and sells it for Rs. 2200 at a credit of 1 year. If the rate of interest is 10% per annum, the man:;gains Rs. 55;gains Rs. 50;loses Rs. 30;gains Rs. 30;B;History;
An error of 2% in excess is made while measuring the side of a square. The percentage of error in the calculated area is:;2%;2.02%;4%;4.04%;D;History;
In a shower, 5 cm of rain falls. The volume of water that falls on 1.5 hectares of ground is:;75 cu. m;750 cu. m;7500 cu. m;75000 cu. m;B;History;
The ratio between the length and breadth of a rectangular park is 3:2. If a man cycling along the boundary at 12 km/hr completes one round in 8 minutes, the area of the park is:;15360 sq. m;153600 sq. m;30720 sq. m;307200 sq. m;B;History;
The slant height of a right circular cone is 10 m and its height is 8 m. Find the area of its curved surface:;30 m²;40 m²;60 m²;80 m²;C;History;
A man wants to sell his scooter. There are two offers, one at Rs. 12,000 cash and the other a credit of Rs. 12,880 to be paid after 8 months, money being at 18% per annum. Which is the better offer?;Rs. 12,000 in cash;Rs. 12,880 at credit;Both are equally good;NIL;A;History;
A man standing at a point P is watching the top of a tower, which makes an angle of elevation of 30º with the man's eye. The man walks some distance towards the tower to watch its top and the angle of the elevation becomes 60º. What is the distance between the base of the tower and the point P?;43 units;8 units;12 units;Data inadequate;D;History;
In how many different ways can the letters of the word 'DETAIL' be arranged in such a way that the vowels occupy only the odd positions?;32;48;36;60;C;History;
Two dice are tossed. The probability that the total score is a prime number is:;1;5/12;1/2;7/9;B;History;
An observer 1.6 m tall is 203 m away from a tower. The angle of elevation from his eye to the top of the tower is 30º. The height of the tower is:;21.6 m;23.2 m;24.72 m;None of these;A;History;
The cost price of a Rs. 100 stock at 4% discount, when brokerage is 1/4%, is:;Rs. 95.75;Rs. 96;Rs. 96.25;Rs. 104.25;C;History;
If 40% of a number is equal to two-thirds of another number, what is the ratio of the first number to the second number?;2:5;3:7;5:3;7:3;C;History;
In a bag, there are coins of 25 p, 10 p, and 5 p in the ratio of 1:2:3. If there is Rs. 30 in all, how many 5 p coins are there?;50;100;150;200;C;History;
A fires 5 shots to B's 3, but A kills only once in 3 shots while B kills once in 2 shots. When B has missed 27 times, A has killed:;30 birds;60 birds;72 birds;90 birds;A;History;
A train covers a certain distance at a speed of 300 km/hr, and the same distance at 200 km/hr. Find the average speed of the train:;240 km/hr;225 km/hr;250 km/hr;275 km/hr;A;History;
Two students appeared at an examination. One of them secured 9 marks more than the other, and his marks were 56% of the sum of their marks. What are the marks obtained by them?;42, 33;42, 36;44, 33;44, 36;A;History;
Two trains are running in opposite directions at 60 km/hr and 90 km/hr. If the length of each train is 500 m, how long will it take for the trains to cross each other?;20 sec;25 sec;30 sec;35 sec;A;History;
A certain amount earns simple interest of Rs. 1200 after 10 years. Had the interest been 2% more, how much more interest would it have earned?;Rs. 25;None of these;Rs. 120;Cannot be determined;C;History;
A man took a loan from a bank at the rate of 8% p.a. simple interest. After 4 years he had to pay Rs. 6200 as interest only for the period. The principal amount borrowed by him was:;Rs. 17322;Rs. 20245;Rs. 18230;Rs. 19375;C;History;
A and B can do a piece of work in 45 days and 40 days, respectively. They began to work together, but A leaves after some days and B completes the remaining work in 23 days. After how many days did A leave?;9;11;12;15;A;History;
The sum of ages of 5 children born at intervals of 3 years each is 50 years. What is the age of the youngest child?;4 years;8 years;10 years;None of these;A;History;
"A father said to his son, ""I was as old as you are at the present at the time of your birth"". If the father's age is 38 years now, the son's age five years back was:";14 years;19 years;33 years;38 years;A;History;
A sum of Rs. 1360 has been divided among A, B, and C such that A gets 1/2 of what B gets, and B gets 1/3 of what C gets. B's share is:;Rs. 120;Rs. 160;Rs. 240;Rs. 300;C;History;
A man can swim downstream at 6 km/hr and upstream at 2 km/hr. His speed in still water is:;4 km/hr;2 km/hr;6 km/hr;1 km/hr;A;History;
Robert is traveling on his cycle and has calculated to reach point A at 2 P.M. if he travels at 10 kmph, he will reach there at 12 noon if he travels at 15 kmph. At what speed must he travel to reach A at 1 P.M.?;8 kmph;11 kmph;12 kmph;14 kmph;C;History;
A man rows to a place 48 km distant and comes back in 14 hours. He finds that he can row 4 km with the stream in the same time as 3 km against the stream. The rate of the stream is:;1 km/hr;1.5 km/hr;2 km/hr;2.5 km/hr;A;History;
In what ratio must a grocer mix two varieties of pulses costing Rs. 15 and Rs. 20 per kg respectively so as to get a mixture worth Rs. 16.50 per kg?;3:7;5:7;7:3;7:5;C;History;
A, B, and C can do a piece of work in 20, 30, and 60 days, respectively. In how many days can A do the work if he is assisted by B and C on every third day?;12 days;15 days;16 days;18 days;B;History;
Two trains are running at 40 km/hr and 20 km/hr respectively in the same direction. The fast train completely passes a man sitting in the slower train in 5 seconds. What is the length of the fast train?;23 m;27 m;29 m;50 m;B;History;
A train moves past a telegraph post and a bridge 264 m long in 8 seconds and 20 seconds respectively. What is the speed of the train?;69.5 km/hr;70 km/hr;79 km/hr;79.2 km/hr;D;History;
How many seconds will a 500-meter long train take to cross a man walking with a speed of 3 km/hr in the direction of the moving train if the speed of the train is 63 km/hr?;25;30;40;45;B;History;
The salaries of A, B, and C are in the ratio 2 : 3 : 5. If increments of 15%, 10%, and 20% are allowed respectively in their salaries, what will be the new ratio of their salaries?;3:3:10;10:11:20;23:33:60;Cannot be determined;C;History;
The sum of ages of 5 children born at intervals of 3 years each is 50 years. What is the age of the youngest child?;4 years;8 years;10 years;None of these;A;History;
A sum of Rs. 1360 has been divided among A, B, and C such that A gets 1/2 of what B gets, and B gets 1/3 of what C gets. B's share is:;Rs. 120;Rs. 160;Rs. 240;Rs. 300;C;History;
An error of 2% in excess is made while measuring the side of a square. The percentage of error in the calculated area is:;2%;2.02%;4%;4.04%;D;History;
In a shower, 5 cm of rain falls. The volume of water that falls on 1.5 hectares of ground is:;75 cu. m;750 cu. m;7500 cu. m;75000 cu. m;B;History;
The reflex angle between the hands of a clock at 10:25 is:;180º;192.5º;195º;197.5º;D;History;
Two goods trains each 500 m long are running in opposite directions on parallel tracks at 45 km/hr and 30 km/hr respectively. The time taken by the slower train to pass the driver of the faster one is:;12 sec;24 sec;48 sec;60 sec;B;History;
A metallic sheet is of rectangular shape with dimensions 48 m x 36 m. From each of its corners, a square is cut off to make an open box. If the length of the square is 8 m, the volume of the box is:;4830 m³;5120 m³;6420 m³;8960 m³;B;History;
A man sells two buffaloes for Rs. 7,820 each. On one he gains 15% and on the other, he loses 15%. His total gain or loss in the transaction is:;2.5% gain;2.25% loss;2% loss;5% loss;B;History;
A train overtakes two persons walking along a railway track. The first one walks at 4.5 km/hr, and the other at 5.4 km/hr. The train needs 8.4 and 8.5 seconds respectively to overtake them. What is the speed of the train?;66 km/hr;72 km/hr;78 km/hr;81 km/hr;D;History;
A boatman goes 2 km against the current of the stream in 1 hour and goes 1 km along the current in 10 minutes. How long will it take to go 5 km in stationary water?;40 minutes;1 hour;1 hr 15 min;1 hr 30 min;C;History;
What is the volume of a 32-meter high cylindrical tank?;4928 m³;4820 m³;5040 m³;4600 m³;A;History;
A, B, and C subscribe Rs. 50,000 for a business. A subscribes Rs. 4000 more than B and B Rs. 5000 more than C. Out of a total profit of Rs. 35,000, A receives:;Rs. 8400;Rs. 11,900;Rs. 13,600;Rs. 14,700;D;History;
The present worth of Rs. 2310 due 2 years hence, the rate of interest being 15% per annum, is:;Rs. 1750;Rs. 1680;Rs. 1840;Rs. 1443.75;B;History;
The average age of husband, wife, and their child 3 years ago was 27 years, and that of the wife and the child 5 years ago was 20 years. The present age of the husband is:;35 years;40 years;50 years;None of these;B;History;
The price of 2 sarees and 4 shirts is Rs. 1600. With the same money, one can buy 1 saree and 6 shirts. If one wants to buy 12 shirts, how much shall he have to pay?;Rs. 1200;Rs. 2400;Rs. 4800;Cannot be determined;B;History;
A sum of Rs. 725 is lent in the beginning of a year at a certain rate of interest. After 8 months, a sum of Rs. 362.50 more is lent but at the rate twice the former. At the end of the year, Rs. 33.50 is earned as interest from both loans. What was the original rate of interest?;3.60%;4.50%;5%;6%;C;History;
The ratio between the length and breadth of a rectangular park is 3:2. If a man cycling along the boundary of the park at 12 km/hr completes one round in 8 minutes, the area of the park (in sq. m) is:;15360;153600;30720;307200;B;History;
The slant height of a right circular cone is 10 m and its height is 8 m. Find the area of its curved surface:;30 m²;40 m²;60 m²;80 m²;C;History;
A man wants to sell his scooter. There are two offers, one at Rs. 12,000 cash and the other a credit of Rs. 12,880 to be paid after 8 months, money being at 18% per annum. Which is the better offer?;Rs. 12,000 in cash;Rs. 12,880 at credit;Both are equally good;Neither is good;A;History;
If log10 2 = 0.3010, then log2 10 is equal to:;0.301;0.699;0.301;1.301;B;History;
The product of two numbers is 120, and the sum of their squares is 289. The sum of the numbers is:;20;23;169;None of these;B;History;
The banker's discount of a certain sum of money is Rs. 72 and the true discount on the same sum for the same time is Rs. 60. The sum due is:;Rs. 360;Rs. 432;Rs. 540;Rs. 1080;A;History;
;;;;;;;"Which if the following is/are the levels of implementation of data structure ?;Abstract level;Application level;Implementation level;All of the above;D"
;;;;;;;"A binary search tree whose left subtree and right subtree differ in hight by at most 1 unit is called ?;AVL tree;Red-black tree;Lemma tree;None of the above;A"
;;;;;;;"What is the time complexity of inserting an element at the end of an array?;O(1);O(nlogn);O(log n);O(n);A"
;;;;;;;"Which data structure is best suited for implementing a recursive algorithm?;Stack;Queue;Array;Linked List;A"
;;;;;;;"In a binary search tree which traversal visits the nodes in ascending order?;Preorder;Inorder;Postorder;Levelorder;B"
;;;;;;;"Which sorting algorithm has the best average-case time complexity?;Merge Sort;Selection sort;Insertion Sort;Bubble sort;A"
;;;;;;;"What is the worst-case time complexity of quicksort?;O(n);O(nlogn);O(n^2);O(log n);C"
;;;;;;;"Which data structure is used in Depth First Search (DFS) algorithm?;Queue;Stack;Heap;Linked List;B"
;;;;;;;"What is the purpose of a hash table in data structures?;To store data in a sorted manner;To implement priority queues;To provide constant-time access to elements;To sort elements efficiently;C"
;;;;;;;"Which data structure is used to implement a LIFO behavior?;Queue;Stack;Heap;Tree;A"
;;;;;;;"What is the time complexity of finding an element in a binary search tree?;O(n);O(nlogn);O(log n);O(n^2);C"
;;;;;;;"Which data structure is suitable for implementing a breadth-first search (BFS) algorithm?;Queue;Stack;LinkedList;Heap;A"
;;;;;;;"Which data structure is typically used to implement a priority queue?;Heap;Stack;Queue;LinkedList;A"
;;;;;;;"What is the time complexity of searching for an element in a hash table with a good hash function?;O(n);O(nlogn);O(n^2);O(1);D"
;;;;;;;"Which sorting algorithm is known for its stability?;Merge Sort;Selection sort;Quick Sort;Insertion Sort;A"
;;;;;;;"In a binary search tree which operation is used to find the minimum element?;findMin();getMin();minElement();minValue();A"
;;;;;;;"Which data structure is used to implement a disjoint-set data structure efficiently?;Array ;Heap;Disjoint-Set Forest;Linked List;C"
;;;;;;;"What is the time complexity of finding the shortest path in a weighted graph using Dijkstra's algorithm?;O(E log V);O( E );O(V);O(V log V);A"
;;;;;;;"Which data structure is used to implement a cache with a least recently used (LRU) eviction policy?;Queue;Stack;LinkedList;Hash Table;B"
;;;;;;;"What is the time complexity of inserting an element in a heap data structure?;O(n);O(nlogn);O(1);O(log n);D"
;;;;;;;"Which algorithm is used to find the strongly connected components in a directed graph?;Dijkstra's Algorithm;Prim's Algorithm;Bellman-Ford Algorithm;Tarjan's Algorithm;D"
;;;;;;;"What is the time complexity of the best-case scenario for quicksort?;O(n);O(nlogn);O(n^2);O(log n);B"
;;;;;;;"Worst Case Time complexity of accessing an element from a Linked List;O(n);O(nlogn);O(n^2);O(log n);A"
;;;;;;;"Which of the following is not a fundamental data type in C?;int;String;double;float;B"
;;;;;;;"Which of the following is not a valid access specifier in Java?;private;public;internal;protected;C"
;;;;;;;"What is the purpose of the final keyword in Java?;To declare a constant variable;To prevent method overriding;To prevent class inheritance;All of the above;D"
;;;;;;;"Which of the following is not a valid loop statement in Python?;for;while;do-while;None of the above;C"
;;;;;;;"What is the purpose of the __init__ method in Python?;To define a constructor for a class;To define a destructor for a class;To define a static method for a class;To define a class method;A"
;;;;;;;"Which of the following is not a valid HTTP method?;GET;POST;PUT;EXECUTE;D"
;;;;;;;"What is the purpose of the JOIN clause in SQL?;To combine rows from two or more tables based on a related column between them;To filter rows based on a specified condition;To group rows that have the same values into summary rows;To sort the result set in ascending or descending order;A"
;;;;;;;"Which of the following is not a valid normalization form?;1NF;2NF;3NF;5NF;D"
;;;;;;;"What is the purpose of the HAVING clause in SQL?;To filter rows based on a specified condition;To group rows that have the same values into summary rows;To filter groups based on a specified condition;To sort the result set in ascending or descending order;C"
;;;;;;;"What is the primary goal of machine learning?; To program computers without human intervention;To enable computers to learn from data and improve performance over time;To create AI systems that can outperform humans;To develop complex algorithms for data processing;B"
;;;;;;;"Which type of machine learning algorithm is trained on labeled data to make predictions on new unseen data?;Unsupervised Learning;Reinforcement Learning;Semi-supervised Learning;Supervised Learning;D"
;;;;;;;"What is the process of preparing raw data by cleaning transforming and normalizing it for machine learning?;Data Preprocessing;Data Engineering;Data Wrangling;Data Augmentation;A"
;;;;;;;"In unsupervised learning the primary task is:;Predicting an output value based on input data;Discovering patterns or structures in data;Maximizing cumulative rewards through interactions with the environment;Learning from expert demonstrations;B"
;;;;;;;"Which machine learning algorithm is inspired by the behavior of neurons in the human brain?;Decision Trees;k-Nearest Neighbors (k-NN);Support Vector Machines (SVM);Artificial Neural Networks (ANN);D"
;;;;;;;"What is the process of feeding a machine learning model with data to adjust its internal parameters and improve performance?;Model Validation;Model Optimization;Model Training;Model Testing;C"
;;;;;;;"The loss function in a machine learning model measures:;The number of features used in the model;The complexity of the model;The difference between predicted and actual values;The time taken to train the model;C"
;;;;;;;"What is the name of the technique used to deal with overfitting in machine learning models?;Underfitting;Regularization;Feature Engineering;Cross-validation;B"
;;;;;;;"Which machine learning algorithm is commonly used for classification tasks and is based on finding the best hyperplane that separates data points into different classes?;Decision Trees;Support Vector Machines (SVM);Random Forest;k-Nearest Neighbors (k-NN);B"
;;;;;;;"What is the purpose of feature scaling in machine learning?;To normalize the range of independent variables;To add new features to the dataset;To reduce the number of features;To remove outliers from the dataset;A"
;;;;;;;"What is the purpose of the bias term in a machine learning model?;To introduce randomness into the model;To shift the decision boundary of the model;To control the complexity of the model;To provide a constant offset for the model's predictions;D"
;;;;;;;"Which machine learning algorithm is used for dimensionality reduction and can capture the most important features in a dataset?;Principal Component Analysis (PCA);Linear Discriminant Analysis (LDA);t-SNE (t-Distributed Stochastic Neighbor Embedding);Autoencoders;A"
;;;;;;;"What is the purpose of the activation function in an artificial neural network?;To introduce non-linearity into the model;To control the learning rate of the model;To prevent overfitting in the model;To initialize the weights of the model;A"
;;;;;;;"Which machine learning algorithm is used for clustering data points into groups based on their similarity?;k-Means Clustering;Hierarchical Clustering;DBSCAN (Density-Based Spatial Clustering of Applications with Noise);All of the above;D"
;;;;;;;"What is the purpose of the validation set in machine learning?;To train the model;To evaluate the performance of the model during training;To tune the hyperparameters of the model;To test the final performance of the model;C"
;;;;;;;"Which machine learning algorithm is used for anomaly detection and can identify outliers in a dataset?;Isolation Forest;One-Class SVM;Local Outlier Factor (LOF);All of the above;D"
;;;;;;;"What is the purpose of the learning rate in a machine learning model?;To control the step size during optimization;To prevent overfitting in the model;To initialize the weights of the model;To introduce randomness into the model;A"
;;;;;;;"Which machine learning algorithm is used for recommendation systems and can predict the preferences of users based on their past behavior?;Collaborative Filtering;Content-Based Filtering;Matrix Factorization;All of the above;D"
;;;;;;;"What is the purpose of the regularization parameter in a machine learning model?;To control the complexity of the model;To introduce non-linearity into the model;To prevent overfitting in the model;To tune the learning rate of the model;A"
;;;;;;;"Which machine learning algorithm is used for natural language processing tasks and can generate human-like text?;Recurrent Neural Networks (RNNs);Long Short-Term Memory (LSTMs);Transformers;All of the above;D"
;;;;;;;"Which Experiment says that light is a wave?;young's double slith Experiment;Fizeu's method;compton scattering;Michel-Morley Experiment;A"
;;;;;;;"What is the purpose of the const keyword in C++?;To declare a constant variable;To declare a static variable;To declare a pointer to a constant variable;All of the above;D"
;;;;;;;"Which of the following is not a valid access specifier in Java?;public;private;protected;internal;D"
;;;;;;;"What is the purpose of the break statement in a loop?;To exit the current iteration of the loop;To exit the entire loop;To skip the current iteration of the loop;To continue to the next iteration of the loop;B"
;;;;;;;"What is the purpose of the continue statement in a loop?;To exit the current iteration of the loop;To exit the entire loop;To continue to the next iteration of the loop;To skip the current iteration of the loop;D"
;;;;;;;"What is the purpose of the static keyword in C++?;To declare a variable with global scope;To declare a variable with local scope;To declare a variable with static storage duration;To declare a variable with dynamic storage duration;C"
;;;;;;;"What is the purpose of the virtual keyword in C++?;To declare a virtual function;To declare a pure virtual function;To declare a virtual base class;All of the above;D"
;;;;;;;"What is the purpose of the abstract keyword in Java?;To declare an abstract class;To declare an abstract method;To declare an interface;All of the above;D"
;;;;;;;"What is the purpose of the interface keyword in Java?;To define a contract for classes to implement;To define a class that cannot be instantiated;To define a class that can be extended by other classes;To define a class that can be used as a template for creating objects;A"
;;;;;;;"What is the purpose of the yield statement in Python?;To exit a function and return a value;To pause the execution of a function and return a value;To raise an exception in a function;To define a generator function;B"
;;;;;;;"What is the purpose of the lambda keyword in Python?;To define a function with a single expression;To define a function with multiple expressions;To define a function with a name;To define a function with a return statement;A"
;;;;;;;"What is the purpose of the try-except block in Python?;To handle exceptions that may occur during the execution of a program;To define a function that may raise an exception;To define a module that may raise an exception;To define a class that may raise an exception;A"
;;;;;;;"What is the purpose of the super() function in Python;To call a method in a parent class from a child class;To create a new instance of a class;To define a class method;To define a static method;A"
;;;;;;;"Which of the following is not a programming language?;Python;C++;ASCII;Java;C"
;;;;;;;"Which of the following is not a data structure?;Algorithm;Stack;Linked List;Array;A"
;;;;;;;"What is the time complexity of the binary search algorithm?;O(n);O(nlogn);O(n^2);O(log n);D"
;;;;;;;"Which of the following is not a type of software testing?;Unit testing;System testing;Integration testing;Functional testing;D"
;;;;;;;"What is the primary purpose of a database management system (DBMS)?;To provide a user interface for the database;To store data in the database;To manage and manipulate data in the database;To provide security for the database;C"
;;;;;;;"What is the primary function of a switch in a network?;To provide a firewall;To connect multiple networks;To forward data packets to the appropriate device;To convert data from analog to digital;C"
;;;;;;;"Which of the following is not a type of malware?;Worm;Virus;Trojan horse;Firewall;D"
;;;;;;;"What is the primary purpose of normalization in a database?;To reduce data redundancy and improve data integrity;To increase data redundancy and improve data security;To provide a user interface for the database;To store data in the database;A"
;;;;;;;"Which of the following is not a type of cloud computing?;IaaS;Paas;Saas;Laas;D"
;;;;;;;"What is the primary purpose of a compiler in programming?;To convert high-level language into machine language;To find errors in the program;To provide a user interface for the program;To document the program;A"
;;;;;;;"What is the primary function of a router in a network?; To provide a firewall;To connect multiple networks;To amplify the signal;To forward data packets to the appropriate device;B"
;;;;;;;"Which of the following is not a type of virtualization?; Server virtualization;Desktop virtualization;Network virtualization;None of the above;D"
;;;;;;;"What is the primary purpose of a load balancer in a network?;To provide a firewall;To connect multiple networks; To distribute network traffic evenly across multiple servers;To convert data from analog to digital;C"
;;;;;;;"What is the primary purpose of a cache in computing?;To provide a backup for the data;To store data permanently;To provide security for the data;To provide temporary storage for frequently used data;D"
;;;;;;;"Which of the following is not a type of search algorithm?;Binary search;Linear search;Depth-first search;None of the above;D"
;;;;;;;"Which of the following is not a principle of object-oriented programming?;Encapsulation;Inheritance;Polymorphism;Multiprocessing;D"
;;;;;;;"Which of the following is not a type of network?;LAN;MAN;WAN;CAN;D"
;;;;;;;"In the context of databases what does ACID stand for?;Atomicity Consistency Isolation Durability;Access Consistency Integrity Database;Atomicity Completeness Isolation Durability; Availability Concurrency Integrity Durability;A"
;;;;;;;"What is the main difference between a stack and a queue?;Stacks are static & queues are dynamic data structures; Stacks follow LIFO order & queues follow FIFO order; Stacks can only store integers & queues can store any data type;There is no difference & they are the same thing;B"
;;;;;;;"What is the purpose of the virtual keyword in C++?;To create a pure virtual function;To overload operators;To declare a friend function;To create a virtual base class;D"
;;;;;;;"What is the main purpose of a Trie data structure?;Efficient information retrieval;Efficient sorting of data;Efficient searching of keys;Efficient compression of data;C"
;;;;;;;"In the context of computer networks what does TCP stand for?;Transmission Control Protocol;Transfer Connected Protocol;Transformative Connecting Protocol;Transparent Connectivity Protocol;A"
;;;;;;;"What is the purpose of the finally block in Java exception handling?;To define an alternative execution path;To execute code regardless of whether an exception is thrown or not;To handle a specific type of exception;To explicitly throw an exception;B"
;;;;;;;"What is the key difference between public and private inheritance in C++?;Public inheritance preserves base class member access but private does not;Private inheritance is more memory efficient than public inheritance;There is no difference they are the same thing;Private inheritance allows accessing private members but public does not;A"
;;;;;;;"In the context of machine learning what is overfitting?;When a model performs well on training data but poorly on new data;When a model fails to capture underlying patterns in data;When a model is too simple to learn from data effectively;When a model has high bias and high variance;A"
;;;;;;;"What is the key difference between GPU and CPU?;GPUs are better for parallel processing & CPUs are better for serial processing;GPUs consume more power than CPUs;GPUs are faster than CPUs for all types of computations;There is no difference they are interchangeable;A"
;;;;;;;"What is the purpose of the volatile keyword in C/C++?;To declare a global variable;To prevent compiler optimizations that reorder operations;To create a thread-safe variable;To indicate that a value may change unexpectedly;D"
;;;;;;;"In the context of operating systems what is thrashing?;Excessive swapping of processes between main memory and disk;A type of memory leak caused by frequent allocation and deallocation;A condition where the CPU is constantly busy but no processes are making progress;A security vulnerability that allows unauthorized access to system resources;A"
;;;;;;;"What is the purpose of the static keyword in Java?;To declare a static method;To create a singleton class;To allocate memory for a variable at compile-time;All of the above;D"
;;;;;;;"In the context of databases what is denormalization?;The process of optimizing the database for better read performance;The process of removing redundant data from a database;The process of converting data into a more readable format;The process of creating additional indexes for faster queries;A"
;;;;;;;"What is the purpose of the final keyword in Java?;To declare a constant variable;To prevent a class from being subclassed;To create an immutable object;All of the above;D"
;;;;;;;"In the context of computer networks what is a NAT (Network Address Translation)?;A protocol for translating private IP addresses to public IP addresses;A type of firewall used to protect networks from unauthorized access;A technique for load balancing network traffic across multiple servers;A method for compressing network data to reduce bandwidth usage;A"
;;;;;;;"What is the purpose of the friend keyword in C++?;To declare a function or class as a friend of another class;To create a friendship between two objects;To overload operators for a class;To optimize a function for better performance;A"
;;;;;;;"In the context of machine learning what is a convolutional neural network (CNN)?;A type of neural network used for image classification and recognition;A neural network designed for time series forecasting;A type of unsupervised learning algorithm for clustering;A type of supervised learning;A"
;;;;;;;"What is the key difference between depth-first search (DFS) and breadth-first search (BFS)?;DFS explores as far as possible along each branch before backtracking & BFS explores all nodes at the current depth before moving to the next level;DFS is more memory-efficient than BFS;BFS is guaranteed to find the shortest path & DFS is not;All of the above;D"
;;;;;;;"In the context of computer architecture what is pipelining?;A technique to improve CPU performance by breaking down instruction execution into a series of smaller steps;A way to connect multiple CPUs to increase processing power;A method for compressing data to improve storage efficiency;A parallel processing technique used in GPUs;A"
;;;;;;;"In the context of databases what is an index?;A data structure used to optimize search and retrieval operations;A type of database query used for data manipulation;A technique for securing sensitive data in a database;A method for compressing data in a database to save storage space;A"
;;;;;;;"Which if the following is/are the levels of implementation of data structure ?;Abstract level;Application level;Implementation level;All of the above;D"
;;;;;;;"A binary search tree whose left subtree and right subtree differ in hight by at most 1 unit is called ?;AVL tree;Red-black tree;Lemma tree;None of the above;A"
;;;;;;;"What is the time complexity of inserting an element at the end of an array?;O(1);O(nlogn);O(log n);O(n);A"
;;;;;;;"Which data structure is best suited for implementing a recursive algorithm?;Stack;Queue;Array;Linked List;A"
;;;;;;;"In a binary search tree which traversal visits the nodes in ascending order?;Preorder;Inorder;Postorder;Levelorder;B"
;;;;;;;"Which sorting algorithm has the best average-case time complexity?;Merge Sort;Selection sort;Insertion Sort;Bubble sort;A"
;;;;;;;"What is the worst-case time complexity of quicksort?;O(n);O(nlogn);O(n^2);O(log n);C"
;;;;;;;"Which data structure is used in Depth First Search (DFS) algorithm?;Queue;Stack;Heap;Linked List;B"
;;;;;;;"What is the purpose of a hash table in data structures?;To store data in a sorted manner;To implement priority queues;To provide constant-time access to elements;To sort elements efficiently;C"
;;;;;;;"Which data structure is used to implement a LIFO behavior?;Queue;Stack;Heap;Tree;A"
;;;;;;;"What is the time complexity of finding an element in a binary search tree?;O(n);O(nlogn);O(log n);O(n^2);C"
;;;;;;;"Which data structure is suitable for implementing a breadth-first search (BFS) algorithm?;Queue;Stack;LinkedList;Heap;A"
;;;;;;;"Which data structure is typically used to implement a priority queue?;Heap;Stack;Queue;LinkedList;A"
;;;;;;;"What is the time complexity of searching for an element in a hash table with a good hash function?;O(n);O(nlogn);O(n^2);O(1);D"
;;;;;;;"Which sorting algorithm is known for its stability?;Merge Sort;Selection sort;Quick Sort;Insertion Sort;A"
;;;;;;;"In a binary search tree which operation is used to find the minimum element?;findMin();getMin();minElement();minValue();A"
;;;;;;;"Which data structure is used to implement a disjoint-set data structure efficiently?;Array ;Heap;Disjoint-Set Forest;Linked List;C"
;;;;;;;"What is the time complexity of finding the shortest path in a weighted graph using Dijkstra's algorithm?;O(E log V);O( E );O(V);O(V log V);A"
;;;;;;;"Which data structure is used to implement a cache with a least recently used (LRU) eviction policy?;Queue;Stack;LinkedList;Hash Table;B"
;;;;;;;"What is the time complexity of inserting an element in a heap data structure?;O(n);O(nlogn);O(1);O(log n);D"
;;;;;;;"Which algorithm is used to find the strongly connected components in a directed graph?;Dijkstra's Algorithm;Prim's Algorithm;Bellman-Ford Algorithm;Tarjan's Algorithm;D"
;;;;;;;"What is the time complexity of the best-case scenario for quicksort?;O(n);O(nlogn);O(n^2);O(log n);B"
;;;;;;;"Worst Case Time complexity of accessing an element from a Linked List;O(n);O(nlogn);O(n^2);O(log n);A"
;;;;;;;"Which of the following is not a fundamental data type in C?;int;String;double;float;B"
;;;;;;;"Which of the following is not a valid access specifier in Java?;private;public;internal;protected;C"
;;;;;;;"What is the purpose of the final keyword in Java?;To declare a constant variable;To prevent method overriding;To prevent class inheritance;All of the above;D"
;;;;;;;"Which of the following is not a valid loop statement in Python?;for;while;do-while;None of the above;C"
;;;;;;;"What is the purpose of the __init__ method in Python?;To define a constructor for a class;To define a destructor for a class;To define a static method for a class;To define a class method;A"
;;;;;;;"Which of the following is not a valid HTTP method?;GET;POST;PUT;EXECUTE;D"
;;;;;;;"What is the purpose of the JOIN clause in SQL?;To combine rows from two or more tables based on a related column between them;To filter rows based on a specified condition;To group rows that have the same values into summary rows;To sort the result set in ascending or descending order;A"
;;;;;;;"Which of the following is not a valid normalization form?;1NF;2NF;3NF;5NF;D"
;;;;;;;"What is the purpose of the HAVING clause in SQL?;To filter rows based on a specified condition;To group rows that have the same values into summary rows;To filter groups based on a specified condition;To sort the result set in ascending or descending order;C"
;;;;;;;"What is the primary goal of machine learning?; To program computers without human intervention;To enable computers to learn from data and improve performance over time;To create AI systems that can outperform humans;To develop complex algorithms for data processing;B"
;;;;;;;"Which type of machine learning algorithm is trained on labeled data to make predictions on new unseen data?;Unsupervised Learning;Reinforcement Learning;Semi-supervised Learning;Supervised Learning;D"
;;;;;;;"What is the process of preparing raw data by cleaning transforming and normalizing it for machine learning?;Data Preprocessing;Data Engineering;Data Wrangling;Data Augmentation;A"
;;;;;;;"In unsupervised learning the primary task is:;Predicting an output value based on input data;Discovering patterns or structures in data;Maximizing cumulative rewards through interactions with the environment;Learning from expert demonstrations;B"
;;;;;;;"Which machine learning algorithm is inspired by the behavior of neurons in the human brain?;Decision Trees;k-Nearest Neighbors (k-NN);Support Vector Machines (SVM);Artificial Neural Networks (ANN);D"
;;;;;;;"What is the process of feeding a machine learning model with data to adjust its internal parameters and improve performance?;Model Validation;Model Optimization;Model Training;Model Testing;C"
;;;;;;;"The loss function in a machine learning model measures:;The number of features used in the model;The complexity of the model;The difference between predicted and actual values;The time taken to train the model;C"
;;;;;;;"What is the name of the technique used to deal with overfitting in machine learning models?;Underfitting;Regularization;Feature Engineering;Cross-validation;B"
;;;;;;;"Which machine learning algorithm is commonly used for classification tasks and is based on finding the best hyperplane that separates data points into different classes?;Decision Trees;Support Vector Machines (SVM);Random Forest;k-Nearest Neighbors (k-NN);B"
;;;;;;;"What is the purpose of feature scaling in machine learning?;To normalize the range of independent variables;To add new features to the dataset;To reduce the number of features;To remove outliers from the dataset;A"
;;;;;;;"What is the purpose of the bias term in a machine learning model?;To introduce randomness into the model;To shift the decision boundary of the model;To control the complexity of the model;To provide a constant offset for the model's predictions;D"
;;;;;;;"Which machine learning algorithm is used for dimensionality reduction and can capture the most important features in a dataset?;Principal Component Analysis (PCA);Linear Discriminant Analysis (LDA);t-SNE (t-Distributed Stochastic Neighbor Embedding);Autoencoders;A"
;;;;;;;"What is the purpose of the activation function in an artificial neural network?;To introduce non-linearity into the model;To control the learning rate of the model;To prevent overfitting in the model;To initialize the weights of the model;A"
;;;;;;;"Which machine learning algorithm is used for clustering data points into groups based on their similarity?;k-Means Clustering;Hierarchical Clustering;DBSCAN (Density-Based Spatial Clustering of Applications with Noise);All of the above;D"
;;;;;;;"What is the purpose of the validation set in machine learning?;To train the model;To evaluate the performance of the model during training;To tune the hyperparameters of the model;To test the final performance of the model;C"
;;;;;;;"Which machine learning algorithm is used for anomaly detection and can identify outliers in a dataset?;Isolation Forest;One-Class SVM;Local Outlier Factor (LOF);All of the above;D"
;;;;;;;"What is the purpose of the learning rate in a machine learning model?;To control the step size during optimization;To prevent overfitting in the model;To initialize the weights of the model;To introduce randomness into the model;A"
;;;;;;;"Which machine learning algorithm is used for recommendation systems and can predict the preferences of users based on their past behavior?;Collaborative Filtering;Content-Based Filtering;Matrix Factorization;All of the above;D"
;;;;;;;"What is the purpose of the regularization parameter in a machine learning model?;To control the complexity of the model;To introduce non-linearity into the model;To prevent overfitting in the model;To tune the learning rate of the model;A"
;;;;;;;"Which machine learning algorithm is used for natural language processing tasks and can generate human-like text?;Recurrent Neural Networks (RNNs);Long Short-Term Memory (LSTMs);Transformers;All of the above;D"
;;;;;;;"Which Experiment says that light is a wave?;young's double slith Experiment;Fizeu's method;compton scattering;Michel-Morley Experiment;A"
;;;;;;;"What is the purpose of the const keyword in C++?;To declare a constant variable;To declare a static variable;To declare a pointer to a constant variable;All of the above;D"
;;;;;;;"Which of the following is not a valid access specifier in Java?;public;private;protected;internal;D"
;;;;;;;"What is the purpose of the break statement in a loop?;To exit the current iteration of the loop;To exit the entire loop;To skip the current iteration of the loop;To continue to the next iteration of the loop;B"
;;;;;;;"What is the purpose of the continue statement in a loop?;To exit the current iteration of the loop;To exit the entire loop;To continue to the next iteration of the loop;To skip the current iteration of the loop;D"
;;;;;;;"What is the purpose of the static keyword in C++?;To declare a variable with global scope;To declare a variable with local scope;To declare a variable with static storage duration;To declare a variable with dynamic storage duration;C"
;;;;;;;"What is the purpose of the virtual keyword in C++?;To declare a virtual function;To declare a pure virtual function;To declare a virtual base class;All of the above;D"
;;;;;;;"What is the purpose of the abstract keyword in Java?;To declare an abstract class;To declare an abstract method;To declare an interface;All of the above;D"
;;;;;;;"What is the purpose of the interface keyword in Java?;To define a contract for classes to implement;To define a class that cannot be instantiated;To define a class that can be extended by other classes;To define a class that can be used as a template for creating objects;A"
;;;;;;;"What is the purpose of the yield statement in Python?;To exit a function and return a value;To pause the execution of a function and return a value;To raise an exception in a function;To define a generator function;B"
;;;;;;;"What is the purpose of the lambda keyword in Python?;To define a function with a single expression;To define a function with multiple expressions;To define a function with a name;To define a function with a return statement;A"
;;;;;;;"What is the purpose of the try-except block in Python?;To handle exceptions that may occur during the execution of a program;To define a function that may raise an exception;To define a module that may raise an exception;To define a class that may raise an exception;A"
;;;;;;;"What is the purpose of the super() function in Python;To call a method in a parent class from a child class;To create a new instance of a class;To define a class method;To define a static method;A"
;;;;;;;"Which of the following is not a programming language?;Python;C++;ASCII;Java;C"
;;;;;;;"Which of the following is not a data structure?;Algorithm;Stack;Linked List;Array;A"
;;;;;;;"What is the time complexity of the binary search algorithm?;O(n);O(nlogn);O(n^2);O(log n);D"
;;;;;;;"Which of the following is not a type of software testing?;Unit testing;System testing;Integration testing;Functional testing;D"
;;;;;;;"What is the primary purpose of a database management system (DBMS)?;To provide a user interface for the database;To store data in the database;To manage and manipulate data in the database;To provide security for the database;C"
;;;;;;;"What is the primary function of a switch in a network?;To provide a firewall;To connect multiple networks;To forward data packets to the appropriate device;To convert data from analog to digital;C"
;;;;;;;"Which of the following is not a type of malware?;Worm;Virus;Trojan horse;Firewall;D"
;;;;;;;"What is the primary purpose of normalization in a database?;To reduce data redundancy and improve data integrity;To increase data redundancy and improve data security;To provide a user interface for the database;To store data in the database;A"
;;;;;;;"Which of the following is not a type of cloud computing?;IaaS;Paas;Saas;Laas;D"
;;;;;;;"What is the primary purpose of a compiler in programming?;To convert high-level language into machine language;To find errors in the program;To provide a user interface for the program;To document the program;A"
;;;;;;;"What is the primary function of a router in a network?; To provide a firewall;To connect multiple networks;To amplify the signal;To forward data packets to the appropriate device;B"
;;;;;;;"Which of the following is not a type of virtualization?; Server virtualization;Desktop virtualization;Network virtualization;None of the above;D"
;;;;;;;"What is the primary purpose of a load balancer in a network?;To provide a firewall;To connect multiple networks; To distribute network traffic evenly across multiple servers;To convert data from analog to digital;C"
;;;;;;;"What is the primary purpose of a cache in computing?;To provide a backup for the data;To store data permanently;To provide security for the data;To provide temporary storage for frequently used data;D"
;;;;;;;"Which of the following is not a type of search algorithm?;Binary search;Linear search;Depth-first search;None of the above;D"
;;;;;;;"Which of the following is not a principle of object-oriented programming?;Encapsulation;Inheritance;Polymorphism;Multiprocessing;D"
;;;;;;;"Which of the following is not a type of network?;LAN;MAN;WAN;CAN;D"
;;;;;;;"In the context of databases what does ACID stand for?;Atomicity Consistency Isolation Durability;Access Consistency Integrity Database;Atomicity Completeness Isolation Durability; Availability Concurrency Integrity Durability;A"
;;;;;;;"What is the main difference between a stack and a queue?;Stacks are static & queues are dynamic data structures; Stacks follow LIFO order & queues follow FIFO order; Stacks can only store integers & queues can store any data type;There is no difference & they are the same thing;B"
;;;;;;;"What is the purpose of the virtual keyword in C++?;To create a pure virtual function;To overload operators;To declare a friend function;To create a virtual base class;D"
;;;;;;;"What is the main purpose of a Trie data structure?;Efficient information retrieval;Efficient sorting of data;Efficient searching of keys;Efficient compression of data;C"
;;;;;;;"In the context of computer networks what does TCP stand for?;Transmission Control Protocol;Transfer Connected Protocol;Transformative Connecting Protocol;Transparent Connectivity Protocol;A"
;;;;;;;"What is the purpose of the finally block in Java exception handling?;To define an alternative execution path;To execute code regardless of whether an exception is thrown or not;To handle a specific type of exception;To explicitly throw an exception;B"
;;;;;;;"What is the key difference between public and private inheritance in C++?;Public inheritance preserves base class member access but private does not;Private inheritance is more memory efficient than public inheritance;There is no difference they are the same thing;Private inheritance allows accessing private members but public does not;A"
;;;;;;;"In the context of machine learning what is overfitting?;When a model performs well on training data but poorly on new data;When a model fails to capture underlying patterns in data;When a model is too simple to learn from data effectively;When a model has high bias and high variance;A"
;;;;;;;"What is the key difference between GPU and CPU?;GPUs are better for parallel processing & CPUs are better for serial processing;GPUs consume more power than CPUs;GPUs are faster than CPUs for all types of computations;There is no difference they are interchangeable;A"
;;;;;;;"What is the purpose of the volatile keyword in C/C++?;To declare a global variable;To prevent compiler optimizations that reorder operations;To create a thread-safe variable;To indicate that a value may change unexpectedly;D"
;;;;;;;"In the context of operating systems what is thrashing?;Excessive swapping of processes between main memory and disk;A type of memory leak caused by frequent allocation and deallocation;A condition where the CPU is constantly busy but no processes are making progress;A security vulnerability that allows unauthorized access to system resources;A"
;;;;;;;"What is the purpose of the static keyword in Java?;To declare a static method;To create a singleton class;To allocate memory for a variable at compile-time;All of the above;D"
;;;;;;;"In the context of databases what is denormalization?;The process of optimizing the database for better read performance;The process of removing redundant data from a database;The process of converting data into a more readable format;The process of creating additional indexes for faster queries;A"
;;;;;;;"What is the purpose of the final keyword in Java?;To declare a constant variable;To prevent a class from being subclassed;To create an immutable object;All of the above;D"
;;;;;;;"In the context of computer networks what is a NAT (Network Address Translation)?;A protocol for translating private IP addresses to public IP addresses;A type of firewall used to protect networks from unauthorized access;A technique for load balancing network traffic across multiple servers;A method for compressing network data to reduce bandwidth usage;A"
;;;;;;;"What is the purpose of the friend keyword in C++?;To declare a function or class as a friend of another class;To create a friendship between two objects;To overload operators for a class;To optimize a function for better performance;A"
;;;;;;;"In the context of machine learning what is a convolutional neural network (CNN)?;A type of neural network used for image classification and recognition;A neural network designed for time series forecasting;A type of unsupervised learning algorithm for clustering;A type of supervised learning;A"
;;;;;;;"What is the key difference between depth-first search (DFS) and breadth-first search (BFS)?;DFS explores as far as possible along each branch before backtracking & BFS explores all nodes at the current depth before moving to the next level;DFS is more memory-efficient than BFS;BFS is guaranteed to find the shortest path & DFS is not;All of the above;D"
;;;;;;;"In the context of computer architecture what is pipelining?;A technique to improve CPU performance by breaking down instruction execution into a series of smaller steps;A way to connect multiple CPUs to increase processing power;A method for compressing data to improve storage efficiency;A parallel processing technique used in GPUs;A"
;;;;;;;"In the context of databases what is an index?;A data structure used to optimize search and retrieval operations;A type of database query used for data manipulation;A technique for securing sensitive data in a database;A method for compressing data in a database to save storage space;A"
;;;;;;;"Which if the following is/are the levels of implementation of data structure ?;Abstract level;Application level;Implementation level;All of the above;D"
;;;;;;;"A binary search tree whose left subtree and right subtree differ in hight by at most 1 unit is called ?;AVL tree;Red-black tree;Lemma tree;None of the above;A"
;;;;;;;"What is the time complexity of inserting an element at the end of an array?;O(1);O(nlogn);O(log n);O(n);A"
;;;;;;;"Which data structure is best suited for implementing a recursive algorithm?;Stack;Queue;Array;Linked List;A"
;;;;;;;"In a binary search tree which traversal visits the nodes in ascending order?;Preorder;Inorder;Postorder;Levelorder;B"
;;;;;;;"Which sorting algorithm has the best average-case time complexity?;Merge Sort;Selection sort;Insertion Sort;Bubble sort;A"
;;;;;;;"What is the worst-case time complexity of quicksort?;O(n);O(nlogn);O(n^2);O(log n);C"
;;;;;;;"Which data structure is used in Depth First Search (DFS) algorithm?;Queue;Stack;Heap;Linked List;B"
;;;;;;;"What is the purpose of a hash table in data structures?;To store data in a sorted manner;To implement priority queues;To provide constant-time access to elements;To sort elements efficiently;C"
;;;;;;;"Which data structure is used to implement a LIFO behavior?;Queue;Stack;Heap;Tree;A"
;;;;;;;"What is the time complexity of finding an element in a binary search tree?;O(n);O(nlogn);O(log n);O(n^2);C"
;;;;;;;"Which data structure is suitable for implementing a breadth-first search (BFS) algorithm?;Queue;Stack;LinkedList;Heap;A"
;;;;;;;"Which data structure is typically used to implement a priority queue?;Heap;Stack;Queue;LinkedList;A"
;;;;;;;"What is the time complexity of searching for an element in a hash table with a good hash function?;O(n);O(nlogn);O(n^2);O(1);D"
;;;;;;;"Which sorting algorithm is known for its stability?;Merge Sort;Selection sort;Quick Sort;Insertion Sort;A"
;;;;;;;"In a binary search tree which operation is used to find the minimum element?;findMin();getMin();minElement();minValue();A"
;;;;;;;"Which data structure is used to implement a disjoint-set data structure efficiently?;Array ;Heap;Disjoint-Set Forest;Linked List;C"
;;;;;;;"What is the time complexity of finding the shortest path in a weighted graph using Dijkstra's algorithm?;O(E log V);O( E );O(V);O(V log V);A"
;;;;;;;"Which data structure is used to implement a cache with a least recently used (LRU) eviction policy?;Queue;Stack;LinkedList;Hash Table;B"
;;;;;;;"What is the time complexity of inserting an element in a heap data structure?;O(n);O(nlogn);O(1);O(log n);D"
;;;;;;;"Which algorithm is used to find the strongly connected components in a directed graph?;Dijkstra's Algorithm;Prim's Algorithm;Bellman-Ford Algorithm;Tarjan's Algorithm;D"
;;;;;;;"What is the time complexity of the best-case scenario for quicksort?;O(n);O(nlogn);O(n^2);O(log n);B"
;;;;;;;"Worst Case Time complexity of accessing an element from a Linked List;O(n);O(nlogn);O(n^2);O(log n);A"
;;;;;;;"Which of the following is not a fundamental data type in C?;int;String;double;float;B"
;;;;;;;"Which of the following is not a valid access specifier in Java?;private;public;internal;protected;C"
;;;;;;;"What is the purpose of the final keyword in Java?;To declare a constant variable;To prevent method overriding;To prevent class inheritance;All of the above;D"
;;;;;;;"Which of the following is not a valid loop statement in Python?;for;while;do-while;None of the above;C"
;;;;;;;"What is the purpose of the __init__ method in Python?;To define a constructor for a class;To define a destructor for a class;To define a static method for a class;To define a class method;A"
;;;;;;;"Which of the following is not a valid HTTP method?;GET;POST;PUT;EXECUTE;D"
;;;;;;;"What is the purpose of the JOIN clause in SQL?;To combine rows from two or more tables based on a related column between them;To filter rows based on a specified condition;To group rows that have the same values into summary rows;To sort the result set in ascending or descending order;A"
;;;;;;;"Which of the following is not a valid normalization form?;1NF;2NF;3NF;5NF;D"
;;;;;;;"What is the purpose of the HAVING clause in SQL?;To filter rows based on a specified condition;To group rows that have the same values into summary rows;To filter groups based on a specified condition;To sort the result set in ascending or descending order;C"
;;;;;;;"What is the primary goal of machine learning?; To program computers without human intervention;To enable computers to learn from data and improve performance over time;To create AI systems that can outperform humans;To develop complex algorithms for data processing;B"
;;;;;;;"Which type of machine learning algorithm is trained on labeled data to make predictions on new unseen data?;Unsupervised Learning;Reinforcement Learning;Semi-supervised Learning;Supervised Learning;D"
;;;;;;;"What is the process of preparing raw data by cleaning transforming and normalizing it for machine learning?;Data Preprocessing;Data Engineering;Data Wrangling;Data Augmentation;A"
;;;;;;;"In unsupervised learning the primary task is:;Predicting an output value based on input data;Discovering patterns or structures in data;Maximizing cumulative rewards through interactions with the environment;Learning from expert demonstrations;B"
;;;;;;;"Which machine learning algorithm is inspired by the behavior of neurons in the human brain?;Decision Trees;k-Nearest Neighbors (k-NN);Support Vector Machines (SVM);Artificial Neural Networks (ANN);D"
;;;;;;;"What is the process of feeding a machine learning model with data to adjust its internal parameters and improve performance?;Model Validation;Model Optimization;Model Training;Model Testing;C"
;;;;;;;"The loss function in a machine learning model measures:;The number of features used in the model;The complexity of the model;The difference between predicted and actual values;The time taken to train the model;C"
;;;;;;;"What is the name of the technique used to deal with overfitting in machine learning models?;Underfitting;Regularization;Feature Engineering;Cross-validation;B"
;;;;;;;"Which machine learning algorithm is commonly used for classification tasks and is based on finding the best hyperplane that separates data points into different classes?;Decision Trees;Support Vector Machines (SVM);Random Forest;k-Nearest Neighbors (k-NN);B"
;;;;;;;"What is the purpose of feature scaling in machine learning?;To normalize the range of independent variables;To add new features to the dataset;To reduce the number of features;To remove outliers from the dataset;A"
;;;;;;;"What is the purpose of the bias term in a machine learning model?;To introduce randomness into the model;To shift the decision boundary of the model;To control the complexity of the model;To provide a constant offset for the model's predictions;D"
;;;;;;;"Which machine learning algorithm is used for dimensionality reduction and can capture the most important features in a dataset?;Principal Component Analysis (PCA);Linear Discriminant Analysis (LDA);t-SNE (t-Distributed Stochastic Neighbor Embedding);Autoencoders;A"
;;;;;;;"What is the purpose of the activation function in an artificial neural network?;To introduce non-linearity into the model;To control the learning rate of the model;To prevent overfitting in the model;To initialize the weights of the model;A"
;;;;;;;"Which machine learning algorithm is used for clustering data points into groups based on their similarity?;k-Means Clustering;Hierarchical Clustering;DBSCAN (Density-Based Spatial Clustering of Applications with Noise);All of the above;D"
;;;;;;;"What is the purpose of the validation set in machine learning?;To train the model;To evaluate the performance of the model during training;To tune the hyperparameters of the model;To test the final performance of the model;C"
;;;;;;;"Which machine learning algorithm is used for anomaly detection and can identify outliers in a dataset?;Isolation Forest;One-Class SVM;Local Outlier Factor (LOF);All of the above;D"
;;;;;;;"What is the purpose of the learning rate in a machine learning model?;To control the step size during optimization;To prevent overfitting in the model;To initialize the weights of the model;To introduce randomness into the model;A"
;;;;;;;"Which machine learning algorithm is used for recommendation systems and can predict the preferences of users based on their past behavior?;Collaborative Filtering;Content-Based Filtering;Matrix Factorization;All of the above;D"
;;;;;;;"What is the purpose of the regularization parameter in a machine learning model?;To control the complexity of the model;To introduce non-linearity into the model;To prevent overfitting in the model;To tune the learning rate of the model;A"
;;;;;;;"Which machine learning algorithm is used for natural language processing tasks and can generate human-like text?;Recurrent Neural Networks (RNNs);Long Short-Term Memory (LSTMs);Transformers;All of the above;D"
;;;;;;;"Which Experiment says that light is a wave?;young's double slith Experiment;Fizeu's method;compton scattering;Michel-Morley Experiment;A"
;;;;;;;"What is the purpose of the const keyword in C++?;To declare a constant variable;To declare a static variable;To declare a pointer to a constant variable;All of the above;D"
;;;;;;;"Which of the following is not a valid access specifier in Java?;public;private;protected;internal;D"
;;;;;;;"What is the purpose of the break statement in a loop?;To exit the current iteration of the loop;To exit the entire loop;To skip the current iteration of the loop;To continue to the next iteration of the loop;B"
;;;;;;;"What is the purpose of the continue statement in a loop?;To exit the current iteration of the loop;To exit the entire loop;To continue to the next iteration of the loop;To skip the current iteration of the loop;D"
;;;;;;;"What is the purpose of the static keyword in C++?;To declare a variable with global scope;To declare a variable with local scope;To declare a variable with static storage duration;To declare a variable with dynamic storage duration;C"
;;;;;;;"What is the purpose of the virtual keyword in C++?;To declare a virtual function;To declare a pure virtual function;To declare a virtual base class;All of the above;D"
;;;;;;;"What is the purpose of the abstract keyword in Java?;To declare an abstract class;To declare an abstract method;To declare an interface;All of the above;D"
;;;;;;;"What is the purpose of the interface keyword in Java?;To define a contract for classes to implement;To define a class that cannot be instantiated;To define a class that can be extended by other classes;To define a class that can be used as a template for creating objects;A"
;;;;;;;"What is the purpose of the yield statement in Python?;To exit a function and return a value;To pause the execution of a function and return a value;To raise an exception in a function;To define a generator function;B"
;;;;;;;"What is the purpose of the lambda keyword in Python?;To define a function with a single expression;To define a function with multiple expressions;To define a function with a name;To define a function with a return statement;A"
;;;;;;;"What is the purpose of the try-except block in Python?;To handle exceptions that may occur during the execution of a program;To define a function that may raise an exception;To define a module that may raise an exception;To define a class that may raise an exception;A"
;;;;;;;"What is the purpose of the super() function in Python;To call a method in a parent class from a child class;To create a new instance of a class;To define a class method;To define a static method;A"
;;;;;;;"Which of the following is not a programming language?;Python;C++;ASCII;Java;C"
;;;;;;;"Which of the following is not a data structure?;Algorithm;Stack;Linked List;Array;A"
;;;;;;;"What is the time complexity of the binary search algorithm?;O(n);O(nlogn);O(n^2);O(log n);D"
;;;;;;;"Which of the following is not a type of software testing?;Unit testing;System testing;Integration testing;Functional testing;D"
;;;;;;;"What is the primary purpose of a database management system (DBMS)?;To provide a user interface for the database;To store data in the database;To manage and manipulate data in the database;To provide security for the database;C"
;;;;;;;"What is the primary function of a switch in a network?;To provide a firewall;To connect multiple networks;To forward data packets to the appropriate device;To convert data from analog to digital;C"
;;;;;;;"Which of the following is not a type of malware?;Worm;Virus;Trojan horse;Firewall;D"
;;;;;;;"What is the primary purpose of normalization in a database?;To reduce data redundancy and improve data integrity;To increase data redundancy and improve data security;To provide a user interface for the database;To store data in the database;A"
;;;;;;;"Which of the following is not a type of cloud computing?;IaaS;Paas;Saas;Laas;D"
;;;;;;;"What is the primary purpose of a compiler in programming?;To convert high-level language into machine language;To find errors in the program;To provide a user interface for the program;To document the program;A"
;;;;;;;"What is the primary function of a router in a network?; To provide a firewall;To connect multiple networks;To amplify the signal;To forward data packets to the appropriate device;B"
;;;;;;;"Which of the following is not a type of virtualization?; Server virtualization;Desktop virtualization;Network virtualization;None of the above;D"
;;;;;;;"What is the primary purpose of a load balancer in a network?;To provide a firewall;To connect multiple networks; To distribute network traffic evenly across multiple servers;To convert data from analog to digital;C"
;;;;;;;"What is the primary purpose of a cache in computing?;To provide a backup for the data;To store data permanently;To provide security for the data;To provide temporary storage for frequently used data;D"
;;;;;;;"Which of the following is not a type of search algorithm?;Binary search;Linear search;Depth-first search;None of the above;D"
;;;;;;;"Which of the following is not a principle of object-oriented programming?;Encapsulation;Inheritance;Polymorphism;Multiprocessing;D"
;;;;;;;"Which of the following is not a type of network?;LAN;MAN;WAN;CAN;D"
;;;;;;;"In the context of databases what does ACID stand for?;Atomicity Consistency Isolation Durability;Access Consistency Integrity Database;Atomicity Completeness Isolation Durability; Availability Concurrency Integrity Durability;A"
;;;;;;;"What is the main difference between a stack and a queue?;Stacks are static & queues are dynamic data structures; Stacks follow LIFO order & queues follow FIFO order; Stacks can only store integers & queues can store any data type;There is no difference & they are the same thing;B"
;;;;;;;"What is the purpose of the virtual keyword in C++?;To create a pure virtual function;To overload operators;To declare a friend function;To create a virtual base class;D"
;;;;;;;"What is the main purpose of a Trie data structure?;Efficient information retrieval;Efficient sorting of data;Efficient searching of keys;Efficient compression of data;C"
;;;;;;;"In the context of computer networks what does TCP stand for?;Transmission Control Protocol;Transfer Connected Protocol;Transformative Connecting Protocol;Transparent Connectivity Protocol;A"
;;;;;;;"What is the purpose of the finally block in Java exception handling?;To define an alternative execution path;To execute code regardless of whether an exception is thrown or not;To handle a specific type of exception;To explicitly throw an exception;B"
;;;;;;;"What is the key difference between public and private inheritance in C++?;Public inheritance preserves base class member access but private does not;Private inheritance is more memory efficient than public inheritance;There is no difference they are the same thing;Private inheritance allows accessing private members but public does not;A"
;;;;;;;"In the context of machine learning what is overfitting?;When a model performs well on training data but poorly on new data;When a model fails to capture underlying patterns in data;When a model is too simple to learn from data effectively;When a model has high bias and high variance;A"
;;;;;;;"What is the key difference between GPU and CPU?;GPUs are better for parallel processing & CPUs are better for serial processing;GPUs consume more power than CPUs;GPUs are faster than CPUs for all types of computations;There is no difference they are interchangeable;A"
;;;;;;;"What is the purpose of the volatile keyword in C/C++?;To declare a global variable;To prevent compiler optimizations that reorder operations;To create a thread-safe variable;To indicate that a value may change unexpectedly;D"
;;;;;;;"In the context of operating systems what is thrashing?;Excessive swapping of processes between main memory and disk;A type of memory leak caused by frequent allocation and deallocation;A condition where the CPU is constantly busy but no processes are making progress;A security vulnerability that allows unauthorized access to system resources;A"
;;;;;;;"What is the purpose of the static keyword in Java?;To declare a static method;To create a singleton class;To allocate memory for a variable at compile-time;All of the above;D"
;;;;;;;"In the context of databases what is denormalization?;The process of optimizing the database for better read performance;The process of removing redundant data from a database;The process of converting data into a more readable format;The process of creating additional indexes for faster queries;A"
;;;;;;;"What is the purpose of the final keyword in Java?;To declare a constant variable;To prevent a class from being subclassed;To create an immutable object;All of the above;D"
;;;;;;;"In the context of computer networks what is a NAT (Network Address Translation)?;A protocol for translating private IP addresses to public IP addresses;A type of firewall used to protect networks from unauthorized access;A technique for load balancing network traffic across multiple servers;A method for compressing network data to reduce bandwidth usage;A"
;;;;;;;"What is the purpose of the friend keyword in C++?;To declare a function or class as a friend of another class;To create a friendship between two objects;To overload operators for a class;To optimize a function for better performance;A"
;;;;;;;"In the context of machine learning what is a convolutional neural network (CNN)?;A type of neural network used for image classification and recognition;A neural network designed for time series forecasting;A type of unsupervised learning algorithm for clustering;A type of supervised learning;A"
;;;;;;;"What is the key difference between depth-first search (DFS) and breadth-first search (BFS)?;DFS explores as far as possible along each branch before backtracking & BFS explores all nodes at the current depth before moving to the next level;DFS is more memory-efficient than BFS;BFS is guaranteed to find the shortest path & DFS is not;All of the above;D"
;;;;;;;"In the context of computer architecture what is pipelining?;A technique to improve CPU performance by breaking down instruction execution into a series of smaller steps;A way to connect multiple CPUs to increase processing power;A method for compressing data to improve storage efficiency;A parallel processing technique used in GPUs;A"
;;;;;;;"In the context of databases what is an index?;A data structure used to optimize search and retrieval operations;A type of database query used for data manipulation;A technique for securing sensitive data in a database;A method for compressing data in a database to save storage space;A"
;;;;;;;"Which if the following is/are the levels of implementation of data structure ?;Abstract level;Application level;Implementation level;All of the above;D"
;;;;;;;"A binary search tree whose left subtree and right subtree differ in hight by at most 1 unit is called ?;AVL tree;Red-black tree;Lemma tree;None of the above;A"
;;;;;;;"What is the time complexity of inserting an element at the end of an array?;O(1);O(nlogn);O(log n);O(n);A"
;;;;;;;"Which data structure is best suited for implementing a recursive algorithm?;Stack;Queue;Array;Linked List;A"
;;;;;;;"In a binary search tree which traversal visits the nodes in ascending order?;Preorder;Inorder;Postorder;Levelorder;B"
;;;;;;;"Which sorting algorithm has the best average-case time complexity?;Merge Sort;Selection sort;Insertion Sort;Bubble sort;A"
;;;;;;;"What is the worst-case time complexity of quicksort?;O(n);O(nlogn);O(n^2);O(log n);C"
;;;;;;;"Which data structure is used in Depth First Search (DFS) algorithm?;Queue;Stack;Heap;Linked List;B"
;;;;;;;"What is the purpose of a hash table in data structures?;To store data in a sorted manner;To implement priority queues;To provide constant-time access to elements;To sort elements efficiently;C"
;;;;;;;"Which data structure is used to implement a LIFO behavior?;Queue;Stack;Heap;Tree;A"
;;;;;;;"What is the time complexity of finding an element in a binary search tree?;O(n);O(nlogn);O(log n);O(n^2);C"
;;;;;;;"Which data structure is suitable for implementing a breadth-first search (BFS) algorithm?;Queue;Stack;LinkedList;Heap;A"
;;;;;;;"Which data structure is typically used to implement a priority queue?;Heap;Stack;Queue;LinkedList;A"
;;;;;;;"What is the time complexity of searching for an element in a hash table with a good hash function?;O(n);O(nlogn);O(n^2);O(1);D"
;;;;;;;"Which sorting algorithm is known for its stability?;Merge Sort;Selection sort;Quick Sort;Insertion Sort;A"
;;;;;;;"In a binary search tree which operation is used to find the minimum element?;findMin();getMin();minElement();minValue();A"
;;;;;;;"Which data structure is used to implement a disjoint-set data structure efficiently?;Array ;Heap;Disjoint-Set Forest;Linked List;C"
;;;;;;;"What is the time complexity of finding the shortest path in a weighted graph using Dijkstra's algorithm?;O(E log V);O( E );O(V);O(V log V);A"
;;;;;;;"Which data structure is used to implement a cache with a least recently used (LRU) eviction policy?;Queue;Stack;LinkedList;Hash Table;B"
;;;;;;;"What is the time complexity of inserting an element in a heap data structure?;O(n);O(nlogn);O(1);O(log n);D"
;;;;;;;"Which algorithm is used to find the strongly connected components in a directed graph?;Dijkstra's Algorithm;Prim's Algorithm;Bellman-Ford Algorithm;Tarjan's Algorithm;D"
;;;;;;;"What is the time complexity of the best-case scenario for quicksort?;O(n);O(nlogn);O(n^2);O(log n);B"
;;;;;;;"Worst Case Time complexity of accessing an element from a Linked List;O(n);O(nlogn);O(n^2);O(log n);A"
;;;;;;;"Which of the following is not a fundamental data type in C?;int;String;double;float;B"
;;;;;;;"Which of the following is not a valid access specifier in Java?;private;public;internal;protected;C"
;;;;;;;"What is the purpose of the final keyword in Java?;To declare a constant variable;To prevent method overriding;To prevent class inheritance;All of the above;D"
;;;;;;;"Which of the following is not a valid loop statement in Python?;for;while;do-while;None of the above;C"
;;;;;;;"What is the purpose of the __init__ method in Python?;To define a constructor for a class;To define a destructor for a class;To define a static method for a class;To define a class method;A"
;;;;;;;"Which of the following is not a valid HTTP method?;GET;POST;PUT;EXECUTE;D"
;;;;;;;"What is the purpose of the JOIN clause in SQL?;To combine rows from two or more tables based on a related column between them;To filter rows based on a specified condition;To group rows that have the same values into summary rows;To sort the result set in ascending or descending order;A"
;;;;;;;"Which of the following is not a valid normalization form?;1NF;2NF;3NF;5NF;D"
;;;;;;;"What is the purpose of the HAVING clause in SQL?;To filter rows based on a specified condition;To group rows that have the same values into summary rows;To filter groups based on a specified condition;To sort the result set in ascending or descending order;C"
;;;;;;;"What is the primary goal of machine learning?; To program computers without human intervention;To enable computers to learn from data and improve performance over time;To create AI systems that can outperform humans;To develop complex algorithms for data processing;B"
;;;;;;;"Which type of machine learning algorithm is trained on labeled data to make predictions on new unseen data?;Unsupervised Learning;Reinforcement Learning;Semi-supervised Learning;Supervised Learning;D"
;;;;;;;"What is the process of preparing raw data by cleaning transforming and normalizing it for machine learning?;Data Preprocessing;Data Engineering;Data Wrangling;Data Augmentation;A"
;;;;;;;"In unsupervised learning the primary task is:;Predicting an output value based on input data;Discovering patterns or structures in data;Maximizing cumulative rewards through interactions with the environment;Learning from expert demonstrations;B"
;;;;;;;"Which machine learning algorithm is inspired by the behavior of neurons in the human brain?;Decision Trees;k-Nearest Neighbors (k-NN);Support Vector Machines (SVM);Artificial Neural Networks (ANN);D"
;;;;;;;"What is the process of feeding a machine learning model with data to adjust its internal parameters and improve performance?;Model Validation;Model Optimization;Model Training;Model Testing;C"
;;;;;;;"The loss function in a machine learning model measures:;The number of features used in the model;The complexity of the model;The difference between predicted and actual values;The time taken to train the model;C"
;;;;;;;"What is the name of the technique used to deal with overfitting in machine learning models?;Underfitting;Regularization;Feature Engineering;Cross-validation;B"
;;;;;;;"Which machine learning algorithm is commonly used for classification tasks and is based on finding the best hyperplane that separates data points into different classes?;Decision Trees;Support Vector Machines (SVM);Random Forest;k-Nearest Neighbors (k-NN);B"
;;;;;;;"What is the purpose of feature scaling in machine learning?;To normalize the range of independent variables;To add new features to the dataset;To reduce the number of features;To remove outliers from the dataset;A"
;;;;;;;"What is the purpose of the bias term in a machine learning model?;To introduce randomness into the model;To shift the decision boundary of the model;To control the complexity of the model;To provide a constant offset for the model's predictions;D"
;;;;;;;"Which machine learning algorithm is used for dimensionality reduction and can capture the most important features in a dataset?;Principal Component Analysis (PCA);Linear Discriminant Analysis (LDA);t-SNE (t-Distributed Stochastic Neighbor Embedding);Autoencoders;A"
;;;;;;;"What is the purpose of the activation function in an artificial neural network?;To introduce non-linearity into the model;To control the learning rate of the model;To prevent overfitting in the model;To initialize the weights of the model;A"
;;;;;;;"Which machine learning algorithm is used for clustering data points into groups based on their similarity?;k-Means Clustering;Hierarchical Clustering;DBSCAN (Density-Based Spatial Clustering of Applications with Noise);All of the above;D"
;;;;;;;"What is the purpose of the validation set in machine learning?;To train the model;To evaluate the performance of the model during training;To tune the hyperparameters of the model;To test the final performance of the model;C"
;;;;;;;"Which machine learning algorithm is used for anomaly detection and can identify outliers in a dataset?;Isolation Forest;One-Class SVM;Local Outlier Factor (LOF);All of the above;D"
;;;;;;;"What is the purpose of the learning rate in a machine learning model?;To control the step size during optimization;To prevent overfitting in the model;To initialize the weights of the model;To introduce randomness into the model;A"
;;;;;;;"Which machine learning algorithm is used for recommendation systems and can predict the preferences of users based on their past behavior?;Collaborative Filtering;Content-Based Filtering;Matrix Factorization;All of the above;D"
;;;;;;;"What is the purpose of the regularization parameter in a machine learning model?;To control the complexity of the model;To introduce non-linearity into the model;To prevent overfitting in the model;To tune the learning rate of the model;A"
;;;;;;;"Which machine learning algorithm is used for natural language processing tasks and can generate human-like text?;Recurrent Neural Networks (RNNs);Long Short-Term Memory (LSTMs);Transformers;All of the above;D"
;;;;;;;"Which Experiment says that light is a wave?;young's double slith Experiment;Fizeu's method;compton scattering;Michel-Morley Experiment;A"
;;;;;;;"What is the purpose of the const keyword in C++?;To declare a constant variable;To declare a static variable;To declare a pointer to a constant variable;All of the above;D"
;;;;;;;"Which of the following is not a valid access specifier in Java?;public;private;protected;internal;D"
;;;;;;;"What is the purpose of the break statement in a loop?;To exit the current iteration of the loop;To exit the entire loop;To skip the current iteration of the loop;To continue to the next iteration of the loop;B"
;;;;;;;"What is the purpose of the continue statement in a loop?;To exit the current iteration of the loop;To exit the entire loop;To continue to the next iteration of the loop;To skip the current iteration of the loop;D"
;;;;;;;"What is the purpose of the static keyword in C++?;To declare a variable with global scope;To declare a variable with local scope;To declare a variable with static storage duration;To declare a variable with dynamic storage duration;C"
;;;;;;;"What is the purpose of the virtual keyword in C++?;To declare a virtual function;To declare a pure virtual function;To declare a virtual base class;All of the above;D"
;;;;;;;"What is the purpose of the abstract keyword in Java?;To declare an abstract class;To declare an abstract method;To declare an interface;All of the above;D"
;;;;;;;"What is the purpose of the interface keyword in Java?;To define a contract for classes to implement;To define a class that cannot be instantiated;To define a class that can be extended by other classes;To define a class that can be used as a template for creating objects;A"
;;;;;;;"What is the purpose of the yield statement in Python?;To exit a function and return a value;To pause the execution of a function and return a value;To raise an exception in a function;To define a generator function;B"
;;;;;;;"What is the purpose of the lambda keyword in Python?;To define a function with a single expression;To define a function with multiple expressions;To define a function with a name;To define a function with a return statement;A"
;;;;;;;"What is the purpose of the try-except block in Python?;To handle exceptions that may occur during the execution of a program;To define a function that may raise an exception;To define a module that may raise an exception;To define a class that may raise an exception;A"
;;;;;;;"What is the purpose of the super() function in Python;To call a method in a parent class from a child class;To create a new instance of a class;To define a class method;To define a static method;A"
;;;;;;;"Which of the following is not a programming language?;Python;C++;ASCII;Java;C"
;;;;;;;"Which of the following is not a data structure?;Algorithm;Stack;Linked List;Array;A"
;;;;;;;"What is the time complexity of the binary search algorithm?;O(n);O(nlogn);O(n^2);O(log n);D"
;;;;;;;"Which of the following is not a type of software testing?;Unit testing;System testing;Integration testing;Functional testing;D"
;;;;;;;"What is the primary purpose of a database management system (DBMS)?;To provide a user interface for the database;To store data in the database;To manage and manipulate data in the database;To provide security for the database;C"
;;;;;;;"What is the primary function of a switch in a network?;To provide a firewall;To connect multiple networks;To forward data packets to the appropriate device;To convert data from analog to digital;C"
;;;;;;;"Which of the following is not a type of malware?;Worm;Virus;Trojan horse;Firewall;D"
;;;;;;;"What is the primary purpose of normalization in a database?;To reduce data redundancy and improve data integrity;To increase data redundancy and improve data security;To provide a user interface for the database;To store data in the database;A"
;;;;;;;"Which of the following is not a type of cloud computing?;IaaS;Paas;Saas;Laas;D"
;;;;;;;"What is the primary purpose of a compiler in programming?;To convert high-level language into machine language;To find errors in the program;To provide a user interface for the program;To document the program;A"
;;;;;;;"What is the primary function of a router in a network?; To provide a firewall;To connect multiple networks;To amplify the signal;To forward data packets to the appropriate device;B"
;;;;;;;"Which of the following is not a type of virtualization?; Server virtualization;Desktop virtualization;Network virtualization;None of the above;D"
;;;;;;;"What is the primary purpose of a load balancer in a network?;To provide a firewall;To connect multiple networks; To distribute network traffic evenly across multiple servers;To convert data from analog to digital;C"
;;;;;;;"What is the primary purpose of a cache in computing?;To provide a backup for the data;To store data permanently;To provide security for the data;To provide temporary storage for frequently used data;D"
;;;;;;;"Which of the following is not a type of search algorithm?;Binary search;Linear search;Depth-first search;None of the above;D"
;;;;;;;"Which of the following is not a principle of object-oriented programming?;Encapsulation;Inheritance;Polymorphism;Multiprocessing;D"
;;;;;;;"Which of the following is not a type of network?;LAN;MAN;WAN;CAN;D"
;;;;;;;"In the context of databases what does ACID stand for?;Atomicity Consistency Isolation Durability;Access Consistency Integrity Database;Atomicity Completeness Isolation Durability; Availability Concurrency Integrity Durability;A"
;;;;;;;"What is the main difference between a stack and a queue?;Stacks are static & queues are dynamic data structures; Stacks follow LIFO order & queues follow FIFO order; Stacks can only store integers & queues can store any data type;There is no difference & they are the same thing;B"
;;;;;;;"What is the purpose of the virtual keyword in C++?;To create a pure virtual function;To overload operators;To declare a friend function;To create a virtual base class;D"
;;;;;;;"What is the main purpose of a Trie data structure?;Efficient information retrieval;Efficient sorting of data;Efficient searching of keys;Efficient compression of data;C"
;;;;;;;"In the context of computer networks what does TCP stand for?;Transmission Control Protocol;Transfer Connected Protocol;Transformative Connecting Protocol;Transparent Connectivity Protocol;A"
;;;;;;;"What is the purpose of the finally block in Java exception handling?;To define an alternative execution path;To execute code regardless of whether an exception is thrown or not;To handle a specific type of exception;To explicitly throw an exception;B"
;;;;;;;"What is the key difference between public and private inheritance in C++?;Public inheritance preserves base class member access but private does not;Private inheritance is more memory efficient than public inheritance;There is no difference they are the same thing;Private inheritance allows accessing private members but public does not;A"
;;;;;;;"In the context of machine learning what is overfitting?;When a model performs well on training data but poorly on new data;When a model fails to capture underlying patterns in data;When a model is too simple to learn from data effectively;When a model has high bias and high variance;A"
;;;;;;;"What is the key difference between GPU and CPU?;GPUs are better for parallel processing & CPUs are better for serial processing;GPUs consume more power than CPUs;GPUs are faster than CPUs for all types of computations;There is no difference they are interchangeable;A"
;;;;;;;"What is the purpose of the volatile keyword in C/C++?;To declare a global variable;To prevent compiler optimizations that reorder operations;To create a thread-safe variable;To indicate that a value may change unexpectedly;D"
;;;;;;;"In the context of operating systems what is thrashing?;Excessive swapping of processes between main memory and disk;A type of memory leak caused by frequent allocation and deallocation;A condition where the CPU is constantly busy but no processes are making progress;A security vulnerability that allows unauthorized access to system resources;A"
;;;;;;;"What is the purpose of the static keyword in Java?;To declare a static method;To create a singleton class;To allocate memory for a variable at compile-time;All of the above;D"
;;;;;;;"In the context of databases what is denormalization?;The process of optimizing the database for better read performance;The process of removing redundant data from a database;The process of converting data into a more readable format;The process of creating additional indexes for faster queries;A"
;;;;;;;"What is the purpose of the final keyword in Java?;To declare a constant variable;To prevent a class from being subclassed;To create an immutable object;All of the above;D"
;;;;;;;"In the context of computer networks what is a NAT (Network Address Translation)?;A protocol for translating private IP addresses to public IP addresses;A type of firewall used to protect networks from unauthorized access;A technique for load balancing network traffic across multiple servers;A method for compressing network data to reduce bandwidth usage;A"
;;;;;;;"What is the purpose of the friend keyword in C++?;To declare a function or class as a friend of another class;To create a friendship between two objects;To overload operators for a class;To optimize a function for better performance;A"
;;;;;;;"In the context of machine learning what is a convolutional neural network (CNN)?;A type of neural network used for image classification and recognition;A neural network designed for time series forecasting;A type of unsupervised learning algorithm for clustering;A type of supervised learning;A"
;;;;;;;"What is the key difference between depth-first search (DFS) and breadth-first search (BFS)?;DFS explores as far as possible along each branch before backtracking & BFS explores all nodes at the current depth before moving to the next level;DFS is more memory-efficient than BFS;BFS is guaranteed to find the shortest path & DFS is not;All of the above;D"
;;;;;;;"In the context of computer architecture what is pipelining?;A technique to improve CPU performance by breaking down instruction execution into a series of smaller steps;A way to connect multiple CPUs to increase processing power;A method for compressing data to improve storage efficiency;A parallel processing technique used in GPUs;A"
;;;;;;;"In the context of databases what is an index?;A data structure used to optimize search and retrieval operations;A type of database query used for data manipulation;A technique for securing sensitive data in a database;A method for compressing data in a database to save storage space;A"
;;;;;;;"Which if the following is/are the levels of implementation of data structure ?;Abstract level;Application level;Implementation level;All of the above;D"
;;;;;;;"A binary search tree whose left subtree and right subtree differ in hight by at most 1 unit is called ?;AVL tree;Red-black tree;Lemma tree;None of the above;A"
;;;;;;;"What is the time complexity of inserting an element at the end of an array?;O(1);O(nlogn);O(log n);O(n);A"
;;;;;;;"Which data structure is best suited for implementing a recursive algorithm?;Stack;Queue;Array;Linked List;A"
;;;;;;;"In a binary search tree which traversal visits the nodes in ascending order?;Preorder;Inorder;Postorder;Levelorder;B"
;;;;;;;"Which sorting algorithm has the best average-case time complexity?;Merge Sort;Selection sort;Insertion Sort;Bubble sort;A"
;;;;;;;"What is the worst-case time complexity of quicksort?;O(n);O(nlogn);O(n^2);O(log n);C"
;;;;;;;"Which data structure is used in Depth First Search (DFS) algorithm?;Queue;Stack;Heap;Linked List;B"
;;;;;;;"What is the purpose of a hash table in data structures?;To store data in a sorted manner;To implement priority queues;To provide constant-time access to elements;To sort elements efficiently;C"
;;;;;;;"Which data structure is used to implement a LIFO behavior?;Queue;Stack;Heap;Tree;A"
;;;;;;;"What is the time complexity of finding an element in a binary search tree?;O(n);O(nlogn);O(log n);O(n^2);C"
;;;;;;;"Which data structure is suitable for implementing a breadth-first search (BFS) algorithm?;Queue;Stack;LinkedList;Heap;A"
;;;;;;;"Which data structure is typically used to implement a priority queue?;Heap;Stack;Queue;LinkedList;A"
;;;;;;;"What is the time complexity of searching for an element in a hash table with a good hash function?;O(n);O(nlogn);O(n^2);O(1);D"
;;;;;;;"Which sorting algorithm is known for its stability?;Merge Sort;Selection sort;Quick Sort;Insertion Sort;A"
;;;;;;;"In a binary search tree which operation is used to find the minimum element?;findMin();getMin();minElement();minValue();A"
;;;;;;;"Which data structure is used to implement a disjoint-set data structure efficiently?;Array ;Heap;Disjoint-Set Forest;Linked List;C"
;;;;;;;"What is the time complexity of finding the shortest path in a weighted graph using Dijkstra's algorithm?;O(E log V);O( E );O(V);O(V log V);A"
;;;;;;;"Which data structure is used to implement a cache with a least recently used (LRU) eviction policy?;Queue;Stack;LinkedList;Hash Table;B"
;;;;;;;"What is the time complexity of inserting an element in a heap data structure?;O(n);O(nlogn);O(1);O(log n);D"
;;;;;;;"Which algorithm is used to find the strongly connected components in a directed graph?;Dijkstra's Algorithm;Prim's Algorithm;Bellman-Ford Algorithm;Tarjan's Algorithm;D"
;;;;;;;"What is the time complexity of the best-case scenario for quicksort?;O(n);O(nlogn);O(n^2);O(log n);B"
;;;;;;;"Worst Case Time complexity of accessing an element from a Linked List;O(n);O(nlogn);O(n^2);O(log n);A"
;;;;;;;"Which of the following is not a fundamental data type in C?;int;String;double;float;B"
;;;;;;;"Which of the following is not a valid access specifier in Java?;private;public;internal;protected;C"
;;;;;;;"What is the purpose of the final keyword in Java?;To declare a constant variable;To prevent method overriding;To prevent class inheritance;All of the above;D"
;;;;;;;"Which of the following is not a valid loop statement in Python?;for;while;do-while;None of the above;C"
;;;;;;;"What is the purpose of the __init__ method in Python?;To define a constructor for a class;To define a destructor for a class;To define a static method for a class;To define a class method;A"
;;;;;;;"Which of the following is not a valid HTTP method?;GET;POST;PUT;EXECUTE;D"
;;;;;;;"What is the purpose of the JOIN clause in SQL?;To combine rows from two or more tables based on a related column between them;To filter rows based on a specified condition;To group rows that have the same values into summary rows;To sort the result set in ascending or descending order;A"
;;;;;;;"Which of the following is not a valid normalization form?;1NF;2NF;3NF;5NF;D"
;;;;;;;"What is the purpose of the HAVING clause in SQL?;To filter rows based on a specified condition;To group rows that have the same values into summary rows;To filter groups based on a specified condition;To sort the result set in ascending or descending order;C"
;;;;;;;"What is the primary goal of machine learning?; To program computers without human intervention;To enable computers to learn from data and improve performance over time;To create AI systems that can outperform humans;To develop complex algorithms for data processing;B"
;;;;;;;"Which type of machine learning algorithm is trained on labeled data to make predictions on new unseen data?;Unsupervised Learning;Reinforcement Learning;Semi-supervised Learning;Supervised Learning;D"
;;;;;;;"What is the process of preparing raw data by cleaning transforming and normalizing it for machine learning?;Data Preprocessing;Data Engineering;Data Wrangling;Data Augmentation;A"
;;;;;;;"In unsupervised learning the primary task is:;Predicting an output value based on input data;Discovering patterns or structures in data;Maximizing cumulative rewards through interactions with the environment;Learning from expert demonstrations;B"
;;;;;;;"Which machine learning algorithm is inspired by the behavior of neurons in the human brain?;Decision Trees;k-Nearest Neighbors (k-NN);Support Vector Machines (SVM);Artificial Neural Networks (ANN);D"
;;;;;;;"What is the process of feeding a machine learning model with data to adjust its internal parameters and improve performance?;Model Validation;Model Optimization;Model Training;Model Testing;C"
;;;;;;;"The loss function in a machine learning model measures:;The number of features used in the model;The complexity of the model;The difference between predicted and actual values;The time taken to train the model;C"
;;;;;;;"What is the name of the technique used to deal with overfitting in machine learning models?;Underfitting;Regularization;Feature Engineering;Cross-validation;B"
;;;;;;;"Which machine learning algorithm is commonly used for classification tasks and is based on finding the best hyperplane that separates data points into different classes?;Decision Trees;Support Vector Machines (SVM);Random Forest;k-Nearest Neighbors (k-NN);B"
;;;;;;;"What is the purpose of feature scaling in machine learning?;To normalize the range of independent variables;To add new features to the dataset;To reduce the number of features;To remove outliers from the dataset;A"
;;;;;;;"What is the purpose of the bias term in a machine learning model?;To introduce randomness into the model;To shift the decision boundary of the model;To control the complexity of the model;To provide a constant offset for the model's predictions;D"
;;;;;;;"Which machine learning algorithm is used for dimensionality reduction and can capture the most important features in a dataset?;Principal Component Analysis (PCA);Linear Discriminant Analysis (LDA);t-SNE (t-Distributed Stochastic Neighbor Embedding);Autoencoders;A"
;;;;;;;"What is the purpose of the activation function in an artificial neural network?;To introduce non-linearity into the model;To control the learning rate of the model;To prevent overfitting in the model;To initialize the weights of the model;A"
;;;;;;;"Which machine learning algorithm is used for clustering data points into groups based on their similarity?;k-Means Clustering;Hierarchical Clustering;DBSCAN (Density-Based Spatial Clustering of Applications with Noise);All of the above;D"
;;;;;;;"What is the purpose of the validation set in machine learning?;To train the model;To evaluate the performance of the model during training;To tune the hyperparameters of the model;To test the final performance of the model;C"
;;;;;;;"Which machine learning algorithm is used for anomaly detection and can identify outliers in a dataset?;Isolation Forest;One-Class SVM;Local Outlier Factor (LOF);All of the above;D"
;;;;;;;"What is the purpose of the learning rate in a machine learning model?;To control the step size during optimization;To prevent overfitting in the model;To initialize the weights of the model;To introduce randomness into the model;A"
;;;;;;;"Which machine learning algorithm is used for recommendation systems and can predict the preferences of users based on their past behavior?;Collaborative Filtering;Content-Based Filtering;Matrix Factorization;All of the above;D"
;;;;;;;"What is the purpose of the regularization parameter in a machine learning model?;To control the complexity of the model;To introduce non-linearity into the model;To prevent overfitting in the model;To tune the learning rate of the model;A"
;;;;;;;"Which machine learning algorithm is used for natural language processing tasks and can generate human-like text?;Recurrent Neural Networks (RNNs);Long Short-Term Memory (LSTMs);Transformers;All of the above;D"
;;;;;;;"Which Experiment says that light is a wave?;young's double slith Experiment;Fizeu's method;compton scattering;Michel-Morley Experiment;A"
;;;;;;;"What is the purpose of the const keyword in C++?;To declare a constant variable;To declare a static variable;To declare a pointer to a constant variable;All of the above;D"
;;;;;;;"Which of the following is not a valid access specifier in Java?;public;private;protected;internal;D"
;;;;;;;"What is the purpose of the break statement in a loop?;To exit the current iteration of the loop;To exit the entire loop;To skip the current iteration of the loop;To continue to the next iteration of the loop;B"
;;;;;;;"What is the purpose of the continue statement in a loop?;To exit the current iteration of the loop;To exit the entire loop;To continue to the next iteration of the loop;To skip the current iteration of the loop;D"
;;;;;;;"What is the purpose of the static keyword in C++?;To declare a variable with global scope;To declare a variable with local scope;To declare a variable with static storage duration;To declare a variable with dynamic storage duration;C"
;;;;;;;"What is the purpose of the virtual keyword in C++?;To declare a virtual function;To declare a pure virtual function;To declare a virtual base class;All of the above;D"
;;;;;;;"What is the purpose of the abstract keyword in Java?;To declare an abstract class;To declare an abstract method;To declare an interface;All of the above;D"
;;;;;;;"What is the purpose of the interface keyword in Java?;To define a contract for classes to implement;To define a class that cannot be instantiated;To define a class that can be extended by other classes;To define a class that can be used as a template for creating objects;A"
;;;;;;;"What is the purpose of the yield statement in Python?;To exit a function and return a value;To pause the execution of a function and return a value;To raise an exception in a function;To define a generator function;B"
;;;;;;;"What is the purpose of the lambda keyword in Python?;To define a function with a single expression;To define a function with multiple expressions;To define a function with a name;To define a function with a return statement;A"
;;;;;;;"What is the purpose of the try-except block in Python?;To handle exceptions that may occur during the execution of a program;To define a function that may raise an exception;To define a module that may raise an exception;To define a class that may raise an exception;A"
;;;;;;;"What is the purpose of the super() function in Python;To call a method in a parent class from a child class;To create a new instance of a class;To define a class method;To define a static method;A"
;;;;;;;"Which of the following is not a programming language?;Python;C++;ASCII;Java;C"
;;;;;;;"Which of the following is not a data structure?;Algorithm;Stack;Linked List;Array;A"
;;;;;;;"What is the time complexity of the binary search algorithm?;O(n);O(nlogn);O(n^2);O(log n);D"
;;;;;;;"Which of the following is not a type of software testing?;Unit testing;System testing;Integration testing;Functional testing;D"
;;;;;;;"What is the primary purpose of a database management system (DBMS)?;To provide a user interface for the database;To store data in the database;To manage and manipulate data in the database;To provide security for the database;C"
;;;;;;;"What is the primary function of a switch in a network?;To provide a firewall;To connect multiple networks;To forward data packets to the appropriate device;To convert data from analog to digital;C"
;;;;;;;"Which of the following is not a type of malware?;Worm;Virus;Trojan horse;Firewall;D"
;;;;;;;"What is the primary purpose of normalization in a database?;To reduce data redundancy and improve data integrity;To increase data redundancy and improve data security;To provide a user interface for the database;To store data in the database;A"
;;;;;;;"Which of the following is not a type of cloud computing?;IaaS;Paas;Saas;Laas;D"
;;;;;;;"What is the primary purpose of a compiler in programming?;To convert high-level language into machine language;To find errors in the program;To provide a user interface for the program;To document the program;A"
;;;;;;;"What is the primary function of a router in a network?; To provide a firewall;To connect multiple networks;To amplify the signal;To forward data packets to the appropriate device;B"
;;;;;;;"Which of the following is not a type of virtualization?; Server virtualization;Desktop virtualization;Network virtualization;None of the above;D"
;;;;;;;"What is the primary purpose of a load balancer in a network?;To provide a firewall;To connect multiple networks; To distribute network traffic evenly across multiple servers;To convert data from analog to digital;C"
;;;;;;;"What is the primary purpose of a cache in computing?;To provide a backup for the data;To store data permanently;To provide security for the data;To provide temporary storage for frequently used data;D"
;;;;;;;"Which of the following is not a type of search algorithm?;Binary search;Linear search;Depth-first search;None of the above;D"
;;;;;;;"Which of the following is not a principle of object-oriented programming?;Encapsulation;Inheritance;Polymorphism;Multiprocessing;D"
;;;;;;;"Which of the following is not a type of network?;LAN;MAN;WAN;CAN;D"
;;;;;;;"In the context of databases what does ACID stand for?;Atomicity Consistency Isolation Durability;Access Consistency Integrity Database;Atomicity Completeness Isolation Durability; Availability Concurrency Integrity Durability;A"
;;;;;;;"What is the main difference between a stack and a queue?;Stacks are static & queues are dynamic data structures; Stacks follow LIFO order & queues follow FIFO order; Stacks can only store integers & queues can store any data type;There is no difference & they are the same thing;B"
;;;;;;;"What is the purpose of the virtual keyword in C++?;To create a pure virtual function;To overload operators;To declare a friend function;To create a virtual base class;D"
;;;;;;;"What is the main purpose of a Trie data structure?;Efficient information retrieval;Efficient sorting of data;Efficient searching of keys;Efficient compression of data;C"
;;;;;;;"In the context of computer networks what does TCP stand for?;Transmission Control Protocol;Transfer Connected Protocol;Transformative Connecting Protocol;Transparent Connectivity Protocol;A"
;;;;;;;"What is the purpose of the finally block in Java exception handling?;To define an alternative execution path;To execute code regardless of whether an exception is thrown or not;To handle a specific type of exception;To explicitly throw an exception;B"
;;;;;;;"What is the key difference between public and private inheritance in C++?;Public inheritance preserves base class member access but private does not;Private inheritance is more memory efficient than public inheritance;There is no difference they are the same thing;Private inheritance allows accessing private members but public does not;A"
;;;;;;;"In the context of machine learning what is overfitting?;When a model performs well on training data but poorly on new data;When a model fails to capture underlying patterns in data;When a model is too simple to learn from data effectively;When a model has high bias and high variance;A"
;;;;;;;"What is the key difference between GPU and CPU?;GPUs are better for parallel processing & CPUs are better for serial processing;GPUs consume more power than CPUs;GPUs are faster than CPUs for all types of computations;There is no difference they are interchangeable;A"
;;;;;;;"What is the purpose of the volatile keyword in C/C++?;To declare a global variable;To prevent compiler optimizations that reorder operations;To create a thread-safe variable;To indicate that a value may change unexpectedly;D"
;;;;;;;"In the context of operating systems what is thrashing?;Excessive swapping of processes between main memory and disk;A type of memory leak caused by frequent allocation and deallocation;A condition where the CPU is constantly busy but no processes are making progress;A security vulnerability that allows unauthorized access to system resources;A"
;;;;;;;"What is the purpose of the static keyword in Java?;To declare a static method;To create a singleton class;To allocate memory for a variable at compile-time;All of the above;D"
;;;;;;;"In the context of databases what is denormalization?;The process of optimizing the database for better read performance;The process of removing redundant data from a database;The process of converting data into a more readable format;The process of creating additional indexes for faster queries;A"
;;;;;;;"What is the purpose of the final keyword in Java?;To declare a constant variable;To prevent a class from being subclassed;To create an immutable object;All of the above;D"
;;;;;;;"In the context of computer networks what is a NAT (Network Address Translation)?;A protocol for translating private IP addresses to public IP addresses;A type of firewall used to protect networks from unauthorized access;A technique for load balancing network traffic across multiple servers;A method for compressing network data to reduce bandwidth usage;A"
;;;;;;;"What is the purpose of the friend keyword in C++?;To declare a function or class as a friend of another class;To create a friendship between two objects;To overload operators for a class;To optimize a function for better performance;A"
;;;;;;;"In the context of machine learning what is a convolutional neural network (CNN)?;A type of neural network used for image classification and recognition;A neural network designed for time series forecasting;A type of unsupervised learning algorithm for clustering;A type of supervised learning;A"
;;;;;;;"What is the key difference between depth-first search (DFS) and breadth-first search (BFS)?;DFS explores as far as possible along each branch before backtracking & BFS explores all nodes at the current depth before moving to the next level;DFS is more memory-efficient than BFS;BFS is guaranteed to find the shortest path & DFS is not;All of the above;D"
;;;;;;;"In the context of computer architecture what is pipelining?;A technique to improve CPU performance by breaking down instruction execution into a series of smaller steps;A way to connect multiple CPUs to increase processing power;A method for compressing data to improve storage efficiency;A parallel processing technique used in GPUs;A"
;;;;;;;"In the context of databases what is an index?;A data structure used to optimize search and retrieval operations;A type of database query used for data manipulation;A technique for securing sensitive data in a database;A method for compressing data in a database to save storage space;A"
;;;;;;;"Which if the following is/are the levels of implementation of data structure ?;Abstract level;Application level;Implementation level;All of the above;D"
;;;;;;;"A binary search tree whose left subtree and right subtree differ in hight by at most 1 unit is called ?;AVL tree;Red-black tree;Lemma tree;None of the above;A"
;;;;;;;"What is the time complexity of inserting an element at the end of an array?;O(1);O(nlogn);O(log n);O(n);A"
;;;;;;;"Which data structure is best suited for implementing a recursive algorithm?;Stack;Queue;Array;Linked List;A"
;;;;;;;"In a binary search tree which traversal visits the nodes in ascending order?;Preorder;Inorder;Postorder;Levelorder;B"
;;;;;;;"Which sorting algorithm has the best average-case time complexity?;Merge Sort;Selection sort;Insertion Sort;Bubble sort;A"
;;;;;;;"What is the worst-case time complexity of quicksort?;O(n);O(nlogn);O(n^2);O(log n);C"
;;;;;;;"Which data structure is used in Depth First Search (DFS) algorithm?;Queue;Stack;Heap;Linked List;B"
;;;;;;;"What is the purpose of a hash table in data structures?;To store data in a sorted manner;To implement priority queues;To provide constant-time access to elements;To sort elements efficiently;C"
;;;;;;;"Which data structure is used to implement a LIFO behavior?;Queue;Stack;Heap;Tree;A"
;;;;;;;"What is the time complexity of finding an element in a binary search tree?;O(n);O(nlogn);O(log n);O(n^2);C"
;;;;;;;"Which data structure is suitable for implementing a breadth-first search (BFS) algorithm?;Queue;Stack;LinkedList;Heap;A"
;;;;;;;"Which data structure is typically used to implement a priority queue?;Heap;Stack;Queue;LinkedList;A"
;;;;;;;"What is the time complexity of searching for an element in a hash table with a good hash function?;O(n);O(nlogn);O(n^2);O(1);D"
;;;;;;;"Which sorting algorithm is known for its stability?;Merge Sort;Selection sort;Quick Sort;Insertion Sort;A"
;;;;;;;"In a binary search tree which operation is used to find the minimum element?;findMin();getMin();minElement();minValue();A"
;;;;;;;"Which data structure is used to implement a disjoint-set data structure efficiently?;Array ;Heap;Disjoint-Set Forest;Linked List;C"
;;;;;;;"What is the time complexity of finding the shortest path in a weighted graph using Dijkstra's algorithm?;O(E log V);O( E );O(V);O(V log V);A"
;;;;;;;"Which data structure is used to implement a cache with a least recently used (LRU) eviction policy?;Queue;Stack;LinkedList;Hash Table;B"
;;;;;;;"What is the time complexity of inserting an element in a heap data structure?;O(n);O(nlogn);O(1);O(log n);D"
;;;;;;;"Which algorithm is used to find the strongly connected components in a directed graph?;Dijkstra's Algorithm;Prim's Algorithm;Bellman-Ford Algorithm;Tarjan's Algorithm;D"
;;;;;;;"What is the time complexity of the best-case scenario for quicksort?;O(n);O(nlogn);O(n^2);O(log n);B"
;;;;;;;"Worst Case Time complexity of accessing an element from a Linked List;O(n);O(nlogn);O(n^2);O(log n);A"
;;;;;;;"Which of the following is not a fundamental data type in C?;int;String;double;float;B"
;;;;;;;"Which of the following is not a valid access specifier in Java?;private;public;internal;protected;C"
;;;;;;;"What is the purpose of the final keyword in Java?;To declare a constant variable;To prevent method overriding;To prevent class inheritance;All of the above;D"
;;;;;;;"Which of the following is not a valid loop statement in Python?;for;while;do-while;None of the above;C"
;;;;;;;"What is the purpose of the __init__ method in Python?;To define a constructor for a class;To define a destructor for a class;To define a static method for a class;To define a class method;A"
;;;;;;;"Which of the following is not a valid HTTP method?;GET;POST;PUT;EXECUTE;D"
;;;;;;;"What is the purpose of the JOIN clause in SQL?;To combine rows from two or more tables based on a related column between them;To filter rows based on a specified condition;To group rows that have the same values into summary rows;To sort the result set in ascending or descending order;A"
;;;;;;;"Which of the following is not a valid normalization form?;1NF;2NF;3NF;5NF;D"
;;;;;;;"What is the purpose of the HAVING clause in SQL?;To filter rows based on a specified condition;To group rows that have the same values into summary rows;To filter groups based on a specified condition;To sort the result set in ascending or descending order;C"
;;;;;;;"What is the primary goal of machine learning?; To program computers without human intervention;To enable computers to learn from data and improve performance over time;To create AI systems that can outperform humans;To develop complex algorithms for data processing;B"
;;;;;;;"Which type of machine learning algorithm is trained on labeled data to make predictions on new unseen data?;Unsupervised Learning;Reinforcement Learning;Semi-supervised Learning;Supervised Learning;D"
;;;;;;;"What is the process of preparing raw data by cleaning transforming and normalizing it for machine learning?;Data Preprocessing;Data Engineering;Data Wrangling;Data Augmentation;A"
;;;;;;;"In unsupervised learning the primary task is:;Predicting an output value based on input data;Discovering patterns or structures in data;Maximizing cumulative rewards through interactions with the environment;Learning from expert demonstrations;B"
;;;;;;;"Which machine learning algorithm is inspired by the behavior of neurons in the human brain?;Decision Trees;k-Nearest Neighbors (k-NN);Support Vector Machines (SVM);Artificial Neural Networks (ANN);D"
;;;;;;;"What is the process of feeding a machine learning model with data to adjust its internal parameters and improve performance?;Model Validation;Model Optimization;Model Training;Model Testing;C"
;;;;;;;"The loss function in a machine learning model measures:;The number of features used in the model;The complexity of the model;The difference between predicted and actual values;The time taken to train the model;C"
;;;;;;;"What is the name of the technique used to deal with overfitting in machine learning models?;Underfitting;Regularization;Feature Engineering;Cross-validation;B"
;;;;;;;"Which machine learning algorithm is commonly used for classification tasks and is based on finding the best hyperplane that separates data points into different classes?;Decision Trees;Support Vector Machines (SVM);Random Forest;k-Nearest Neighbors (k-NN);B"
;;;;;;;"What is the purpose of feature scaling in machine learning?;To normalize the range of independent variables;To add new features to the dataset;To reduce the number of features;To remove outliers from the dataset;A"
;;;;;;;"What is the purpose of the bias term in a machine learning model?;To introduce randomness into the model;To shift the decision boundary of the model;To control the complexity of the model;To provide a constant offset for the model's predictions;D"
;;;;;;;"Which machine learning algorithm is used for dimensionality reduction and can capture the most important features in a dataset?;Principal Component Analysis (PCA);Linear Discriminant Analysis (LDA);t-SNE (t-Distributed Stochastic Neighbor Embedding);Autoencoders;A"
;;;;;;;"What is the purpose of the activation function in an artificial neural network?;To introduce non-linearity into the model;To control the learning rate of the model;To prevent overfitting in the model;To initialize the weights of the model;A"
;;;;;;;"Which machine learning algorithm is used for clustering data points into groups based on their similarity?;k-Means Clustering;Hierarchical Clustering;DBSCAN (Density-Based Spatial Clustering of Applications with Noise);All of the above;D"
;;;;;;;"What is the purpose of the validation set in machine learning?;To train the model;To evaluate the performance of the model during training;To tune the hyperparameters of the model;To test the final performance of the model;C"
;;;;;;;"Which machine learning algorithm is used for anomaly detection and can identify outliers in a dataset?;Isolation Forest;One-Class SVM;Local Outlier Factor (LOF);All of the above;D"
;;;;;;;"What is the purpose of the learning rate in a machine learning model?;To control the step size during optimization;To prevent overfitting in the model;To initialize the weights of the model;To introduce randomness into the model;A"
;;;;;;;"Which machine learning algorithm is used for recommendation systems and can predict the preferences of users based on their past behavior?;Collaborative Filtering;Content-Based Filtering;Matrix Factorization;All of the above;D"
;;;;;;;"What is the purpose of the regularization parameter in a machine learning model?;To control the complexity of the model;To introduce non-linearity into the model;To prevent overfitting in the model;To tune the learning rate of the model;A"
;;;;;;;"Which machine learning algorithm is used for natural language processing tasks and can generate human-like text?;Recurrent Neural Networks (RNNs);Long Short-Term Memory (LSTMs);Transformers;All of the above;D"
;;;;;;;"Which Experiment says that light is a wave?;young's double slith Experiment;Fizeu's method;compton scattering;Michel-Morley Experiment;A"
;;;;;;;"What is the purpose of the const keyword in C++?;To declare a constant variable;To declare a static variable;To declare a pointer to a constant variable;All of the above;D"
;;;;;;;"Which of the following is not a valid access specifier in Java?;public;private;protected;internal;D"
;;;;;;;"What is the purpose of the break statement in a loop?;To exit the current iteration of the loop;To exit the entire loop;To skip the current iteration of the loop;To continue to the next iteration of the loop;B"
;;;;;;;"What is the purpose of the continue statement in a loop?;To exit the current iteration of the loop;To exit the entire loop;To continue to the next iteration of the loop;To skip the current iteration of the loop;D"
;;;;;;;"What is the purpose of the static keyword in C++?;To declare a variable with global scope;To declare a variable with local scope;To declare a variable with static storage duration;To declare a variable with dynamic storage duration;C"
;;;;;;;"What is the purpose of the virtual keyword in C++?;To declare a virtual function;To declare a pure virtual function;To declare a virtual base class;All of the above;D"
;;;;;;;"What is the purpose of the abstract keyword in Java?;To declare an abstract class;To declare an abstract method;To declare an interface;All of the above;D"
;;;;;;;"What is the purpose of the interface keyword in Java?;To define a contract for classes to implement;To define a class that cannot be instantiated;To define a class that can be extended by other classes;To define a class that can be used as a template for creating objects;A"
;;;;;;;"What is the purpose of the yield statement in Python?;To exit a function and return a value;To pause the execution of a function and return a value;To raise an exception in a function;To define a generator function;B"
;;;;;;;"What is the purpose of the lambda keyword in Python?;To define a function with a single expression;To define a function with multiple expressions;To define a function with a name;To define a function with a return statement;A"
;;;;;;;"What is the purpose of the try-except block in Python?;To handle exceptions that may occur during the execution of a program;To define a function that may raise an exception;To define a module that may raise an exception;To define a class that may raise an exception;A"
;;;;;;;"What is the purpose of the super() function in Python;To call a method in a parent class from a child class;To create a new instance of a class;To define a class method;To define a static method;A"
;;;;;;;"Which of the following is not a programming language?;Python;C++;ASCII;Java;C"
;;;;;;;"Which of the following is not a data structure?;Algorithm;Stack;Linked List;Array;A"
;;;;;;;"What is the time complexity of the binary search algorithm?;O(n);O(nlogn);O(n^2);O(log n);D"
;;;;;;;"Which of the following is not a type of software testing?;Unit testing;System testing;Integration testing;Functional testing;D"
;;;;;;;"What is the primary purpose of a database management system (DBMS)?;To provide a user interface for the database;To store data in the database;To manage and manipulate data in the database;To provide security for the database;C"
;;;;;;;"What is the primary function of a switch in a network?;To provide a firewall;To connect multiple networks;To forward data packets to the appropriate device;To convert data from analog to digital;C"
;;;;;;;"Which of the following is not a type of malware?;Worm;Virus;Trojan horse;Firewall;D"
;;;;;;;"What is the primary purpose of normalization in a database?;To reduce data redundancy and improve data integrity;To increase data redundancy and improve data security;To provide a user interface for the database;To store data in the database;A"
;;;;;;;"Which of the following is not a type of cloud computing?;IaaS;Paas;Saas;Laas;D"
;;;;;;;"What is the primary purpose of a compiler in programming?;To convert high-level language into machine language;To find errors in the program;To provide a user interface for the program;To document the program;A"
;;;;;;;"What is the primary function of a router in a network?; To provide a firewall;To connect multiple networks;To amplify the signal;To forward data packets to the appropriate device;B"
;;;;;;;"Which of the following is not a type of virtualization?; Server virtualization;Desktop virtualization;Network virtualization;None of the above;D"
;;;;;;;"What is the primary purpose of a load balancer in a network?;To provide a firewall;To connect multiple networks; To distribute network traffic evenly across multiple servers;To convert data from analog to digital;C"
;;;;;;;"What is the primary purpose of a cache in computing?;To provide a backup for the data;To store data permanently;To provide security for the data;To provide temporary storage for frequently used data;D"
;;;;;;;"Which of the following is not a type of search algorithm?;Binary search;Linear search;Depth-first search;None of the above;D"
;;;;;;;"Which of the following is not a principle of object-oriented programming?;Encapsulation;Inheritance;Polymorphism;Multiprocessing;D"
;;;;;;;"Which of the following is not a type of network?;LAN;MAN;WAN;CAN;D"
;;;;;;;"In the context of databases what does ACID stand for?;Atomicity Consistency Isolation Durability;Access Consistency Integrity Database;Atomicity Completeness Isolation Durability; Availability Concurrency Integrity Durability;A"
;;;;;;;"What is the main difference between a stack and a queue?;Stacks are static & queues are dynamic data structures; Stacks follow LIFO order & queues follow FIFO order; Stacks can only store integers & queues can store any data type;There is no difference & they are the same thing;B"
;;;;;;;"What is the purpose of the virtual keyword in C++?;To create a pure virtual function;To overload operators;To declare a friend function;To create a virtual base class;D"
;;;;;;;"What is the main purpose of a Trie data structure?;Efficient information retrieval;Efficient sorting of data;Efficient searching of keys;Efficient compression of data;C"
;;;;;;;"In the context of computer networks what does TCP stand for?;Transmission Control Protocol;Transfer Connected Protocol;Transformative Connecting Protocol;Transparent Connectivity Protocol;A"
;;;;;;;"What is the purpose of the finally block in Java exception handling?;To define an alternative execution path;To execute code regardless of whether an exception is thrown or not;To handle a specific type of exception;To explicitly throw an exception;B"
;;;;;;;"What is the key difference between public and private inheritance in C++?;Public inheritance preserves base class member access but private does not;Private inheritance is more memory efficient than public inheritance;There is no difference they are the same thing;Private inheritance allows accessing private members but public does not;A"
;;;;;;;"In the context of machine learning what is overfitting?;When a model performs well on training data but poorly on new data;When a model fails to capture underlying patterns in data;When a model is too simple to learn from data effectively;When a model has high bias and high variance;A"
;;;;;;;"What is the key difference between GPU and CPU?;GPUs are better for parallel processing & CPUs are better for serial processing;GPUs consume more power than CPUs;GPUs are faster than CPUs for all types of computations;There is no difference they are interchangeable;A"
;;;;;;;"What is the purpose of the volatile keyword in C/C++?;To declare a global variable;To prevent compiler optimizations that reorder operations;To create a thread-safe variable;To indicate that a value may change unexpectedly;D"
;;;;;;;"In the context of operating systems what is thrashing?;Excessive swapping of processes between main memory and disk;A type of memory leak caused by frequent allocation and deallocation;A condition where the CPU is constantly busy but no processes are making progress;A security vulnerability that allows unauthorized access to system resources;A"
;;;;;;;"What is the purpose of the static keyword in Java?;To declare a static method;To create a singleton class;To allocate memory for a variable at compile-time;All of the above;D"
;;;;;;;"In the context of databases what is denormalization?;The process of optimizing the database for better read performance;The process of removing redundant data from a database;The process of converting data into a more readable format;The process of creating additional indexes for faster queries;A"
;;;;;;;"What is the purpose of the final keyword in Java?;To declare a constant variable;To prevent a class from being subclassed;To create an immutable object;All of the above;D"
;;;;;;;"In the context of computer networks what is a NAT (Network Address Translation)?;A protocol for translating private IP addresses to public IP addresses;A type of firewall used to protect networks from unauthorized access;A technique for load balancing network traffic across multiple servers;A method for compressing network data to reduce bandwidth usage;A"
;;;;;;;"What is the purpose of the friend keyword in C++?;To declare a function or class as a friend of another class;To create a friendship between two objects;To overload operators for a class;To optimize a function for better performance;A"
;;;;;;;"In the context of machine learning what is a convolutional neural network (CNN)?;A type of neural network used for image classification and recognition;A neural network designed for time series forecasting;A type of unsupervised learning algorithm for clustering;A type of supervised learning;A"
;;;;;;;"What is the key difference between depth-first search (DFS) and breadth-first search (BFS)?;DFS explores as far as possible along each branch before backtracking & BFS explores all nodes at the current depth before moving to the next level;DFS is more memory-efficient than BFS;BFS is guaranteed to find the shortest path & DFS is not;All of the above;D"
;;;;;;;"In the context of computer architecture what is pipelining?;A technique to improve CPU performance by breaking down instruction execution into a series of smaller steps;A way to connect multiple CPUs to increase processing power;A method for compressing data to improve storage efficiency;A parallel processing technique used in GPUs;A"
;;;;;;;"In the context of databases what is an index?;A data structure used to optimize search and retrieval operations;A type of database query used for data manipulation;A technique for securing sensitive data in a database;A method for compressing data in a database to save storage space;A"
